CODIGO,CODIGO VF,DESCRIPCION,PROVEEDOR,COMPRADOR,TÉRMINOS DE PAGO,DÍAS DE PAGO,MOQ,Lead Time/ días,UDM,Precio,Totales Requeridos Semana N,Inventario Inicial,WIP,Recepciones,Recepciones Monto,Por Comprar,OC x fincar,Compra req para tener el Min,Min/Optimo,Inventario teorico con recepciones de la semana,Max/Optimo,Compras pre autorizadas por finanzas en transito,Compras pre autorizadas por en transito finanzas (Monto),Totales Requeridos N+1,Inventarios al 9 de mayo2026,Por Comprar,OC x fincar,Compra req para tener el Min,Min/Optimo,Inventario teorico acumulado con OC PP,Max/Optimo,Compras pre autorizadas por finanzas en transito,Compras pre autorizadas por en transito finanzas (Monto),Totales Requeridos N+2,Inventarios al 9 de mayo2026,Por Comprar,OC x fincar,Compra req para tener el Min,Min/Optimo,Inventario teorico acumulado con OC PP,Max/Optimo,Compras pre autorizadas por finanzas en transito,Compras pre autorizadas por en transito finanzas (Monto),Totales Requeridos N+3,Inventarios al 9 de mayo2026,Por Comprar,OC x fincar,Compra req para tener el Min,Min/Optimo,Inventario teorico acumulado con OC PP,Max/Optimo,Compras pre autorizadas por finanzas en transito,Compras pre autorizadas por en transito finanzas (Monto),Totales Requeridos N+4,Inventarios al 9 de mayo2026,Por Comprar,OC x fincar,Compra req para tener el Min,Min/Optimo,Inventario teorico acumulado con OC PP,Max/Optimo,Compras pre autorizadas por finanzas en transito,Compras pre autorizadas por en transito finanzas (Monto),Totales Requeridos N+5,Inventarios al 9 de mayo2026,Por Comprar,OC x fincar,Compra req para tener el Min,Min/Optimo,Inventario teorico acumulado con OC PP,Max/Optimo,Compras pre autorizadas por finanzas en transito,Categoría,ESTATUS
ATOMIALIEN,COMP_TAPAATOMI,PIST TRIGGER 28/400 NATURAL L TUBO 280MM,PLASTI SPRAYING,JOSE,Adelantado,-,"60,000",10,Pza,$1.70,-,"84,500",-,-,-,-,Ok,-,"72,600","84,500.00","96,800",-,$-,"29,703","84,500",-,Ok,-,"72,600","84,797.00","96,800","30,000","$51,000.00","29,703","54,797",-,Ok,-,"72,600","85,094.00","96,800","30,000","$51,000.00","24,200","25,094",-,Ok,-,"72,600","85,894.00","96,800","25,000","$42,500.00","24,200",894,"23,306",Ok,-,"72,600","86,694.00","96,800","25,000","$42,500.00","24,200",-,"24,200",Fincar,"10,106","72,600","62,494.00","96,800",-,TAPA,ACTIVO
COCAMIDOPR,COCAMIDOPR,COCOAMIDOPROPIL BETAINA,AUSTRAL COSMETICA SA DE CV,JOVANY,Anticipo,30,220,8,Kg,$19.01,850,"5,255",113,-,-,-,Ok,-,"3,843","4,404.50","4,803",-,$-,500,"4,405",-,Ok,-,"3,843","4,904.50","4,803","1,000","$19,010.00",263,"3,905",-,Ok,-,"3,843","4,642.00","4,803",-,$-,961,"3,642",-,Ok,-,"3,843","4,681.37","4,803","1,000","$19,010.00",961,"2,681",-,Fincar,122,"3,843","3,720.75","4,803",-,$-,961,"1,721",-,Fincar,"1,082","3,843","2,760.12","4,803",-,QUÍMICOS,ACTIVO
DIETANOLCO,DIETANOLCO,DIETANOLAMIDA DE COCO,AUSTRAL COSMETICA SA DE CV,JOVANY,Anticipo,30,220,8,Kg,$39.69,565,"7,113",255,-,-,-,Ok,-,"3,388","6,548.30","4,235",-,$-,830,"6,548",-,Ok,-,"3,388","6,718.30","4,235","1,000","$39,690.00",570,"5,718",-,Ok,-,"3,388","6,148.30","4,235",-,$-,847,"5,148",-,Ok,-,"3,388","5,301.29","4,235",-,$-,847,"4,301",-,Ok,-,"3,388","4,454.28","4,235",-,$-,847,"3,454",-,Ok,-,"3,388","3,607.27","4,235",-,QUÍMICOS,ACTIVO
JABONPOTAC,JABONPOTAC,JABON POTASICO (ESTARPON JK),AUSTRAL COSMETICA SA DE CV,JOVANY,Contado,30,"1,000",8,Kg,$17.56,800,"9,299",400,"2,000.00","35,120.00",-,Ok,-,"6,794","10,498.50","8,492",-,$-,"1,600","10,499",-,Ok,-,"6,794","10,898.50","8,492","2,000","$35,120.00","2,000","8,899",-,Ok,-,"6,794","8,898.50","8,492",-,$-,"1,698","6,899",-,Ok,-,"6,794","9,200.01","8,492","2,000","$35,120.00","1,698","5,200",-,Ok,-,"6,794","7,501.52","8,492",-,$-,"1,698","3,502",-,Fincar,991,"6,794","5,803.02","8,492",-,QUÍMICOS,ACTIVO
OXIDOAMINA,OXIDOAMINA,OXIDO DE AMINA,AUSTRAL COSMETICA SA DE CV,JOVANY,Contado,30,600,8,Kg,$25.16,7.5,"2,460",8,-,-,-,Ok,-,257,"3,452.80",386,"1,000","$25,160.00",15,"2,453",-,Ok,-,257,"4,437.80",386,"1,000","$25,160.00",65,"2,438",-,Ok,-,257,"4,372.80",386,-,$-,43,"2,373",-,Ok,-,257,"4,329.89",386,-,$-,43,"2,330",-,Ok,-,257,"4,286.97",386,-,$-,43,"2,287",-,Ok,-,257,"4,244.06",386,-,QUÍMICOS,ACTIVO
CRRLAVTLI7,CRRLAVTLI7,COR GENERICO LAVAT BC 750ML,CARTO EMPAQUES DEL CENTRO SA DE CV,CLARA,Crédito,60,"1,000",8,Pza,$6.08,"1,334.00","6,136",300,-,-,-,Ok,-,"3,317","4,802.00","4,975",-,$-,"1,634","4,802",-,Fincar,149,"3,317","3,168.00","4,975",-,$-,"1,634","3,168",-,Fincar,"1,783","3,317","1,534.00","4,975",-,$-,"1,658","1,534",124,Fincar,"3,317","3,317",-,"4,975",-,$-,"1,658",-,"1,658",Fincar,"3,317","3,317",-,"4,975",-,$-,"1,658",-,"1,658",Fincar,"3,317","3,317",-,"4,975",-,CORRUGADO,ACTIVO
CRRMULOPP1,CRRMULOPP1,CORR MULT OPP 1L,CARTO EMPAQUES DEL CENTRO SA DE CV,CLARA,Crédito,60,"1,000",8,Pza,$7.31,"2,632.00","4,978",692,-,-,-,Ok,-,"3,999","5,346.00","5,998","3,000","$21,930.00","1,662","2,346",-,Fincar,315,"3,999","3,684.00","5,998",-,$-,"1,662",684,978,Fincar,"1,977","3,999","2,022.00","5,998",-,$-,"1,999",-,"1,999",Fincar,"3,976","3,999",22.6,"5,998",-,$-,"1,999",-,"1,999",Fincar,"3,999","3,999",-,"5,998",-,$-,"1,999",-,"1,999",Fincar,"3,999","3,999",-,"5,998",-,CORRUGADO,ACTIVO
CRRMULOPP5,CRRMULOPP5,CORR MULT OPP 5L,CARTO EMPAQUES DEL CENTRO SA DE CV,CLARA,Crédito,60,"1,000",8,Pza,$13.07,935,"7,591",63,-,-,-,Ok,-,"4,502","7,656.00","6,753","1,000","$13,070.00","2,495","6,656",-,Ok,-,"4,502","5,161.00","6,753",-,$-,"2,495","4,161",-,Fincar,"1,836","4,502","2,666.00","6,753",-,$-,"2,251","1,666",585,Fincar,"4,087","4,502",414.87,"6,753",-,$-,"2,251",-,"2,251",Fincar,"4,502","4,502",-,"6,753",-,$-,"2,251",-,"2,251",Fincar,"4,502","4,502",-,"6,753",-,CORRUGADO,ACTIVO
CRGNDETBC2,CRGNDETBC2,CORRUGADO DETERGENTE ROPA COLOR 2 LT BEST CHOICE,CARTO EMPAQUES DEL CENTRO SA DE CV,CLARA,Crédito,60,"1,000",8,Pza,$10.19,"1,634.00","4,187",-,-,-,-,Ok,-,"2,222","2,553.00","3,333",-,$-,"1,634","2,553",-,Fincar,"1,303","2,222",919,"3,333",-,$-,"1,634",919,715,Fincar,"2,222","2,222",-,"3,333",-,$-,"1,111",-,"1,111",Fincar,"2,222","2,222",-,"3,333",-,$-,"1,111",-,"1,111",Fincar,"2,222","2,222",-,"3,333",-,$-,"1,111",-,"1,111",Fincar,"2,222","2,222",-,"3,333",-,CORRUGADO,ACTIVO
CRGENERBC1,CRGENERBC1,CORRUGADO GENERICO LIMP BC 1L,CARTO EMPAQUES DEL CENTRO SA DE CV,CLARA,Crédito,60,"1,000",8,Pza,$7.65,-,"5,886",-,-,-,-,Ok,-,"4,033","5,886.00","6,049",-,$-,"2,475","5,886",-,Fincar,622,"4,033","3,411.00","6,049",-,$-,"2,475","3,411",-,Fincar,"3,097","4,033",936,"6,049",-,$-,"2,016",936,"1,080",Fincar,"4,033","4,033",-,"6,049",-,$-,"2,016",-,"2,016",Fincar,"4,033","4,033",-,"6,049",-,$-,"2,016",-,"2,016",Fincar,"4,033","4,033",-,"6,049",-,CORRUGADO,ACTIVO
CRGNMULBC2,CRGNMULBC2,CORRUGADO GENERICO MULTIUSOS BEST CHOISE 2L,CARTO EMPAQUES DEL CENTRO SA DE CV,CLARA,Crédito,60,"1,000",8,Pza,$10.19,"2,216.00","5,632",-,-,-,-,Ok,-,"3,554","4,416.00","5,331","1,000","$10,190.00","2,216","3,416",-,Fincar,"1,354","3,554","2,200.00","5,331",-,$-,"1,108","1,200",-,Fincar,"2,462","3,554","1,092.00","5,331",-,$-,"1,777",92,"1,685",Fincar,"3,554","3,554",-,"5,331",-,$-,"1,777",-,"1,777",Fincar,"3,554","3,554",-,"5,331",-,$-,"1,777",-,"1,777",Fincar,"3,554","3,554",-,"5,331",-,CORRUGADO,ACTIVO
CRRJMANO12,COMP_JABMANO12,CORRUGADO J MANOS 12 PZ,CARTO EMPAQUES DEL CENTRO SA DE CV,CLARA,Crédito,60,"1,000",8,Pza,$6.22,"1,634.00","4,585",-,-,-,-,Ok,-,"3,500","4,251.00","5,250","1,300","$8,086.00","3,268","2,951",317,Fincar,"2,517","3,500",983,"5,250",-,$-,-,-,-,Fincar,"2,517","3,500",983,"5,250",-,$-,"1,750",-,"1,750",Fincar,"3,500","3,500",-,"5,250",-,$-,"1,750",-,"1,750",Fincar,"3,500","3,500",-,"5,250",-,$-,"1,750",-,"1,750",Fincar,"3,500","3,500",-,"5,250",-,CORRUGADO,ACTIVO
CRRLAVTLI1,CRRLAVTLI1,CORRUGADO LAVAT BC 1.5L,CARTO EMPAQUES DEL CENTRO SA DE CV,CLARA,Crédito,60,"1,000",8,Pza,$8.42,"1,225.00","4,602",-,-,-,-,Ok,-,"2,624","3,377.00","3,936",-,$-,"1,225","3,377",-,Fincar,472,"2,624","2,152.00","3,936",-,$-,"1,225","2,152",-,Fincar,"1,697","2,624",927,"3,936",-,$-,"1,312",927,385,Fincar,"2,624","2,624",-,"3,936",-,$-,"1,312",-,"1,312",Fincar,"2,624","2,624",-,"3,936",-,$-,"1,312",-,"1,312",Fincar,"2,624","2,624",-,"3,936",-,CORRUGADO,ACTIVO
CRGNSUABC2,CRGNSUABC2,CR GEN SUAVIZANTE BC 2L,CARTO EMPAQUES DEL CENTRO SA DE CV,CLARA,Crédito,60,"1,000",8,Pza,$10.19,833,"3,019",-,-,-,-,Ok,-,"1,555","2,186.00","2,332",-,$-,833,"2,186",-,Fincar,202,"1,555","1,353.00","2,332",-,$-,833,"1,353",-,Fincar,"1,035","1,555",520,"2,332",-,$-,777,520,257,Fincar,"1,555","1,555",-,"2,332",-,$-,777,-,777,Fincar,"1,555","1,555",-,"2,332",-,$-,777,-,777,Fincar,"1,555","1,555",-,"2,332",-,CORRUGADO,ACTIVO
CRGNDETBC5,CRGNDETBC5,CR SUAVIZANTE BC 5L,CARTO EMPAQUES DEL CENTRO SA DE CV,CLARA,Crédito,60,"1,000",8,Pza,$13.07,"3,345.00","12,223",330,-,-,-,Ok,-,"8,747","11,878.00","13,121","3,000","$39,210.00","4,410","8,878",-,Fincar,"1,279","8,747","7,468.00","13,121",-,$-,"3,675","4,468",-,Fincar,"4,954","8,747","3,793.00","13,121",-,$-,"4,374",793,"3,581",Fincar,"8,747","8,747",-,"13,121",-,$-,"4,374",-,"4,374",Fincar,"8,747","8,747",-,"13,121",-,$-,"4,374",-,"4,374",Fincar,"8,747","8,747",-,"13,121",-,CORRUGADO,ACTIVO
CRRSUAVOT5,CRRSUAVOT5,CORR SUAV OTOÑAL BC 5L 4PZ,CARTO EMPAQUES DEL CENTRO SA DE CV,CLARA,Crédito,60,"1,000",8,Pza,$13.07,-,"3,658",-,-,-,-,Ok,-,"1,500","3,658.00","2,250",-,$-,750,"3,658",-,Ok,-,"1,500","2,908.00","2,250",-,$-,"1,500","2,908",-,Fincar,92,"1,500","1,408.00","2,250",-,$-,750,"1,408",-,Fincar,842,"1,500",658,"2,250",-,$-,750,658,92,Fincar,"1,500","1,500",-,"2,250",-,$-,750,-,750,Fincar,"1,500","1,500",-,"2,250",-,CORRUGADO,ACTIVO
CRRMZCBC5L,CRRMZCBC5L,CORR MULT MANZANA CANELA BC 5L,CARTO EMPAQUES DEL CENTRO SA DE CV,CLARA,,,,8,Pza,$13.07,998,"4,029",-,-,,-,Ok,-,"2,701","3,031.00","4,052",-,$-,"1,497","3,031",-,Fincar,"1,167","2,701","1,534.00","4,052",-,$-,"1,996","1,534",462,Fincar,"2,701","2,701",-,"4,052",-,$-,"1,351",-,"1,351",Fincar,"2,701","2,701",-,"4,052",-,$-,"1,351",-,"1,351",Fincar,"2,701","2,701",-,"4,052",-,$-,"1,351",-,"1,351",Fincar,"2,701","2,701",-,"4,052",-,CORRUGADO,ACTIVO
CRRMFRBC5L,CRRMFRBC5L,CORR MULT MAR FRESCO BC 5L,CARTO EMPAQUES DEL CENTRO SA DE CV,CLARA,,,,8,Pza,$13.07,499,"4,152",-,-,,-,Ok,-,"2,501","3,653.00","3,752",-,$-,"3,002","3,653",-,Fincar,"1,850","2,501",651.5,"3,752",-,$-,499,651,-,Fincar,"2,349","2,501",152.5,"3,752",-,$-,"1,251",152,"1,098",Fincar,"2,501","2,501",-,"3,752",-,$-,"1,251",-,"1,251",Fincar,"2,501","2,501",-,"3,752",-,$-,"1,251",-,"1,251",Fincar,"2,501","2,501",-,"3,752",-,CORRUGADO,ACTIVO
CORRGELCLL,CORRGELCLL,CORR GEL CABALLERO BC 24PZA,CARTO EMPAQUES DEL CENTRO SA DE CV,CLARA,Crédito,60,"1,000",8,Pza,$5.34,"1,000.00","2,489",-,-,-,-,Fincar,11,"1,500","1,489.00","2,250",-,$-,500,"1,489",-,Fincar,511,"1,500",989,"2,250",-,$-,500,989,-,Fincar,"1,011","1,500",489,"2,250",-,$-,750,489,261,Fincar,"1,500","1,500",-,"2,250",-,$-,750,-,750,Fincar,"1,500","1,500",-,"2,250",-,$-,750,-,750,Fincar,"1,500","1,500",-,"2,250",-,CORRUGADO,ACTIVO
CJBL1LWRAP,CJBL1LWRAP,CAJA BLANQUEADOR 1L WRAP AROUND,CARTO EMPAQUES DEL CENTRO SA DE CV,CLARA,Crédito,60,"1,000",8,Pza,$6.93,-,588,-,-,-,-,Ok,-,-,588,-,-,$-,-,588,-,Ok,-,-,588,-,-,$-,-,588,-,Ok,-,-,588,-,-,$-,-,588,-,Ok,-,-,588,-,-,$-,-,588,-,Ok,-,-,588,-,-,$-,-,588,-,Ok,-,-,588,-,-,CORRUGADO,ACTIVO
LINERCR120,LINERCR120,LINER DE CARTÓN 1.20 X 1.00,CARTO EMPAQUES DEL CENTRO SA DE CV,CLARA,Crédito,60,"1,000",8,Pza,$14.01,"1,360.00","5,639",-,-,-,-,Ok,-,"2,763","5,479.00","4,144","1,200","$16,812.00","1,395","4,279",-,Ok,-,"2,763","4,083.82","4,144",-,$-,"1,345","2,884",-,Fincar,24,"2,763","2,738.82","4,144",-,$-,"1,381","1,539",-,Fincar,"1,405","2,763","1,357.39","4,144",-,$-,"1,381",157,"1,224",Fincar,"2,763","2,763",-,"4,144",-,$-,"1,381",-,"1,381",Fincar,"2,763","2,763",-,"4,144",-,CORRUGADO,ACTIVO
CRRMASCOT1,CRRMASCOT1,CORR MASCOTAS 1L,CARTO EMPAQUES DEL CENTRO SA DE CV,CLARA,,,,8,Pza,$9.60,-,"6,559",-,-,-,-,Ok,-,"3,325","6,559.00","4,987",-,$-,-,"6,559",-,Ok,-,"3,325","6,559.00","4,987",-,$-,-,"6,559",-,Ok,-,"3,325","6,559.00","4,987",-,$-,"1,662","6,559",-,Ok,-,"3,325","4,896.64","4,987",-,$-,"1,662","4,897",-,Fincar,90,"3,325","3,234.28","4,987",-,$-,"1,662","3,234",-,Fincar,"1,753","3,325","1,571.92","4,987",-,CORRUGADO,ACTIVO
CRRQUITAMA,CRRQUITAMA,CRR QUITAM BC 500 ML 12 PZS,CARTO EMPAQUES DEL CENTRO SA DE CV,CLARA,,,,8,Pza,$6.11,-,"3,974",-,-,-,-,Ok,-,"1,250","3,974.00","1,875",-,$-,-,"3,974",-,Ok,-,"1,250","3,974.00","1,875",-,$-,"1,650","3,974",-,Ok,-,"1,250","2,324.00","1,875",-,$-,625,"2,324",-,Ok,-,"1,250","1,699.06","1,875",-,$-,625,"1,699",-,Fincar,176,"1,250","1,074.13","1,875",-,$-,625,"1,074",-,Fincar,801,"1,250",449.19,"1,875",-,CORRUGADO,ACTIVO
CRRVINAGCO,CRRVINAGCO,CORR VINAGRE BCO COMEST BC 1.01 12 PZ,CARTO EMPAQUES DEL CENTRO SA DE CV,CLARA,,,,8,Pza,$7.44,"2,805.00","15,675","1,717",-,-,-,Ok,-,"8,144","12,870.00","12,216",-,$-,"4,522","12,870",-,Ok,-,"8,144","8,348.00","12,216",-,$-,"2,261","8,348",-,Fincar,"2,057","8,144","6,087.00","12,216",-,$-,"4,072","6,087",-,Fincar,"6,129","8,144","2,014.96","12,216",-,$-,"4,072","2,015","2,057",Fincar,"8,144","8,144",-,"12,216",-,$-,"4,072",-,"4,072",Fincar,"8,144","8,144",-,"12,216",-,CORRUGADO,ACTIVO
CRRVINAGLI,CRRVINAGLI,CORR VINAGRE LIMPIEZA BC AL 12PZ,CARTO EMPAQUES DEL CENTRO SA DE CV,CLARA,,,,8,Pza,$9.20,"1,226.00","7,772",432,-,-,-,Ok,-,"2,999","7,546.00","4,499","1,000","$9,197.00","3,316","6,546",-,Ok,-,"2,999","4,230.00","4,499",-,$-,"3,316","3,230",86,Fincar,"2,085","2,999",914,"4,499",-,$-,"1,500",-,"1,500",Fincar,"2,999","2,999",-,"4,499",-,$-,"1,500",-,"1,500",Fincar,"2,999","2,999",-,"4,499",-,$-,"1,500",-,"1,500",Fincar,"2,999","2,999",-,"4,499",-,CORRUGADO,ACTIVO
CRRBLANQ4L,CRRBLANQ4L,CORRUAGADO PARA BLANQUEADOR BC 4L,CORRUGADOS LEON,CLARA,Crédito,60,"1,000",8,Pza,$14.21,"15,360.00","45,293","2,000","6,000.00","85,260.00",-,Ok,-,"31,667","51,433.00","47,500","15,500","$220,255.00","14,880","35,933",-,Ok,-,"31,667","36,553.00","47,500",-,$-,"16,368","21,053",-,Fincar,"11,482","31,667","20,185.00","47,500",-,$-,"15,833","4,685","11,148",Fincar,"27,315","31,667","4,351.67","47,500",-,$-,"15,833",-,"15,833",Fincar,"31,667","31,667",-,"47,500",-,$-,"15,833",-,"15,833",Fincar,"31,667","31,667",-,"47,500",-,CORRUGADO,ACTIVO
CRRMPINON5,CRRACEPI5L,CORRUGADO MULT AC PINO BC 5L,CORRUGADOS LEON,CLARA,Crédito,60,"1,000",8,Pza,$13.07,996,"3,442",-,"2,500.00","32,675.00",-,Ok,-,"2,427","4,946.00","3,641",-,$-,996,"4,946",-,Ok,-,"2,427","3,950.00","3,641",-,$-,"1,494","3,950",-,Ok,-,"2,427","2,456.00","3,641",-,$-,"1,214","2,456",-,Fincar,"1,185","2,427","1,242.28","3,641",-,$-,"1,214","1,242",-,Fincar,"2,399","2,427",28.56,"3,641",-,$-,"1,214",29,"1,185",Fincar,"2,427","2,427",-,"3,641",-,CORRUGADO,ACTIVO
CRRBLANQ1L,CRRBLANQ1L,CORRUGADO PARA BLANQUEADOR BC 1L,CORRUGADOS LEON,CLARA,Crédito,60,"1,000",8,Pza,$7.85,"12,896.00","35,878",-,"1,100.00","8,635.00",-,Ok,-,"20,832","32,082.00","31,247","8,000","$62,800.00","9,920","24,082",-,Ok,-,"20,832","22,162.00","31,247",-,$-,"10,912","14,162",-,Fincar,"9,582","20,832","11,250.00","31,247",-,$-,"10,416","3,250","7,166",Fincar,"19,997","20,832",834.21,"31,247",-,$-,"10,416",-,"10,416",Fincar,"20,832","20,832",-,"31,247",-,$-,"10,416",-,"10,416",Fincar,"20,832","20,832",-,"31,247",-,CORRUGADO,ACTIVO
CRRMULPI1L,CRRMULPI1L,CR LIMP AC PINO BC 1L 12 PZ,CORRUGADOS LEON,CLARA,Crédito,60,"1,000",8,Pza,$7.31,829,"3,901",-,"3,100.00","22,661.00",-,Ok,-,"2,999","6,172.00","4,499",-,$-,"1,658","6,172",-,Ok,-,"2,999","4,514.00","4,499",-,$-,"1,658","4,514",-,Fincar,143,"2,999","2,856.00","4,499",-,$-,"1,500","2,856",-,Fincar,"1,643","2,999","1,356.30","4,499",-,$-,"1,500","1,356",143,Fincar,"2,999","2,999",-,"4,499",-,$-,"1,500",-,"1,500",Fincar,"2,999","2,999",-,"4,499",-,CORRUGADO,ACTIVO
CRRSUAVPR5,CRRSUAVPR5,CORRUGADO SUAVIZANTE PRIMAVERAL 5L,CORRUGADOS LEON,CLARA,,,,8,Pza,$13.07,"2,250.00","5,758",-,-,-,-,Ok,-,"3,500","6,008.00","5,250","2,500","$32,675.00","2,250","3,508",-,Ok,-,"3,500","3,758.00","5,250",-,$-,"1,500","1,258",242,Fincar,"1,242","3,500","2,258.00","5,250",-,$-,"1,750",-,"1,750",Fincar,"2,992","3,500",508,"5,250",-,$-,"1,750",-,"1,750",Fincar,"3,500","3,500",-,"5,250",-,$-,"1,750",-,"1,750",Fincar,"3,500","3,500",-,"5,250",-,CORRUGADO,ACTIVO
CORRGELCAB,CORRGELCAB,CORRUGADO GEL CABELLO 24PZA,CORRUGADOS LEON,CLARA,Crédito,60,"1,000",8,Pza,$5.34,"1,008.00","3,145",492,-,-,-,Ok,-,"1,833","3,137.00","2,750","1,000","$5,340.00",500,"2,137",-,Ok,-,"1,833","2,637.00","2,750",-,$-,"1,000","1,637",-,Fincar,196,"1,833","1,637.00","2,750",-,$-,917,637,280,Fincar,"1,113","1,833",720.33,"2,750",-,$-,917,-,917,Fincar,"1,833","1,833",-,"2,750",-,$-,917,-,917,Fincar,"1,833","1,833",-,"2,750",-,CORRUGADO,ACTIVO
CORRFSHAMP,CORRFSHAMP,CORR FONDO SHAMPOO 12 PZ,CORRUGADOS LEON,CLARA,,,,8,Pza,$4.93,"3,236.00","11,830",-,"5,086.00","25,073.98",-,Ok,-,"6,250","13,680.00","9,375",-,$-,-,"13,680",-,Ok,-,"6,250","13,680.00","9,375",-,$-,-,"13,680",-,Ok,-,"6,250","13,680.00","9,375",-,$-,"3,125","13,680",-,Ok,-,"6,250","10,555.16","9,375",-,$-,"3,125","10,555",-,Ok,-,"6,250","7,430.32","9,375",-,$-,"3,125","7,430",-,Fincar,"1,944","6,250","4,305.48","9,375",-,CORRUGADO,ACTIVO
CORRTSHAMP,CORRTSHAMP,CORR TAPA SHAMPOO 12 PZ,CORRUGADOS LEON,CLARA,,,,8,Pza,$2.02,"3,236.00","11,201",-,"5,086.00","10,273.72",-,Ok,-,"6,250","13,051.00","9,375",-,$-,-,"13,051",-,Ok,-,"6,250","13,051.00","9,375",-,$-,-,"13,051",-,Ok,-,"6,250","13,051.00","9,375",-,$-,"3,125","13,051",-,Ok,-,"6,250","9,926.16","9,375",-,$-,"3,125","9,926",-,Ok,-,"6,250","6,801.32","9,375",-,$-,"3,125","6,801",-,Fincar,"2,573","6,250","3,676.48","9,375",-,CORRUGADO,ACTIVO
ACRYLATE10,ACRYLATE10,ACRYLATE 100,ECJ DISTRIBUIDORA MEXICANA S.A DE C.V,JOVANY,-,30,25,15,Pza,$9.90,40.5,387,27,-,-,-,Ok,-,180,486,225,140,"$1,386.00",27,346,-,Ok,-,180,459,225,-,$-,41,319,-,Ok,-,180,418.5,225,-,$-,45,279,-,Ok,-,180,373.5,225,-,$-,45,234,-,Ok,-,180,328.5,225,-,$-,45,189,-,Ok,-,180,283.5,225,-,QUÍMICOS,ACTIVO
ACRYLATECF,ACRYLATECF,ACRYLATE CFG,ECJ DISTRIBUIDORA MEXICANA S.A DE C.V,JOVANY,-,30,25,15,Pza,$4.80,360,66,240,"1,000.20","4,800.96",294,Fincar,94,"1,600","1,506.04","2,000",800,"$3,840.00",240,706,-,Fincar,334,"1,600","1,266.04","2,000",-,$-,360,466,-,Fincar,694,"1,600",906.04,"2,000",-,$-,400,106,294,Fincar,494,"1,600","1,106.04","2,000",600,"$2,880.00",400,-,400,Fincar,894,"1,600",706.04,"2,000",-,$-,400,-,400,Fincar,"1,294","1,600",306.04,"2,000",-,QUÍMICOS,ACTIVO
GLUTARALDE,GLUTARALDE,GLUTARALDEHIDO,ECJ DISTRIBUIDORA MEXICANA S.A DE C.V,JOVANY,-,30,25,15,Pza,$182.32,-,20,-,-,-,-,Ok,-,22,40,27,20,"$3,646.40",-,20,-,Ok,-,22,40,27,-,$-,10,20,-,Ok,-,22,30,27,-,$-,5,10,-,Ok,-,22,44.55,27,20,"$3,646.40",5,5,1,Ok,-,22,39.09,27,-,$-,5,-,5,Ok,-,22,33.64,27,-,QUÍMICOS,ACTIVO
LAURETH9BC,LAURETH9BC,LAURETH 9,ECJ DISTRIBUIDORA MEXICANA S.A DE C.V,JOVANY,-,30,190,15,Pza,$65.36,-,91,-,-,-,-,Ok,-,109,301,136,210,"$13,725.60",-,91,-,Ok,-,109,301,136,-,$-,50,91,-,Ok,-,109,251,136,-,$-,27,41,-,Ok,-,109,223.73,136,-,$-,27,14,14,Ok,-,109,196.46,136,-,$-,27,-,27,Ok,-,109,169.19,136,-,QUÍMICOS,ACTIVO
TRIETANOLA,TRIETANOLA,TRIETANOLAMINA,ECJ DISTRIBUIDORA MEXICANA S.A DE C.V,JOVANY,Contado,30,600,15,Kg,$51.60,108,434,72,-,-,-,Ok,-,480,786.1,600,460,"$23,736.00",72,326,-,Ok,-,480,714.1,600,-,$-,108,254,-,Ok,-,480,606.1,600,-,$-,120,146,-,Ok,-,480,486.1,600,-,$-,120,26,94,Fincar,114,480,366.1,600,-,$-,120,-,120,Fincar,234,480,246.1,600,-,QUÍMICOS,ACTIVO
COLORVIO2A,COLORVIO2A,COLORLINK VIOLET 2A,ECJ DISTRIBUIDORA MEXICANA S.A DE C.V,JOVANY,Contado,30,600,15,Kg,"$1,656.36",0,1,0,-,-,-,Ok,-,0,0.57,0,-,$-,0,1,-,Ok,-,0,0.56,0,-,$-,0,1,-,Ok,-,0,0.55,0,-,$-,0,1,-,Ok,-,0,0.54,0,-,$-,0,1,-,Ok,-,0,0.53,0,-,$-,0,1,-,Ok,-,0,0.53,0,-,QUÍMICOS,ACTIVO
POLICUATER,POLICUATER,POLICUATERNIO 7,ECJ DISTRIBUIDORA MEXICANA S.A DE C.V,JOVANY,,,,15,Kg,$24.94,510,"3,180",-,"1,000.00","24,940.00",-,Ok,-,"1,970","3,670.00","2,955",-,$-,-,"3,670",-,Ok,-,"1,970","3,670.00","2,955",-,$-,-,"3,670",-,Ok,-,"1,970","3,670.00","2,955",-,$-,492,"3,670",-,Ok,-,"1,970","3,177.52","2,955",-,$-,492,"3,178",-,Ok,-,"1,970","2,685.04","2,955",-,$-,492,"2,685",-,Ok,-,"1,970","2,192.56","2,955",-,QUÍMICOS,ACTIVO
POLISORBAT,POLISORBAT,POLISORBATO 20,ECJ DISTRIBUIDORA MEXICANA S.A DE C.V,JOVANY,,30,"10,000",15,Kg,$74.30,12,133,6,-,-,-,Ok,-,44,120.8,66,-,$-,6,121,-,Ok,-,44,114.8,66,-,$-,12,115,-,Ok,-,44,102.8,66,-,$-,11,103,-,Ok,-,44,91.8,66,-,$-,11,92,-,Ok,-,44,80.8,66,-,$-,11,81,-,Ok,-,44,69.8,66,-,QUÍMICOS,ACTIVO
EXTALOEVER,EXTALOEVER,EXT ALOE VERA,DROGERIA COSMOPOLITA SA DE CV,JOVANY,Crédito,15,50,15,Kg,$49.50,6.8,43,3,-,-,-,Ok,-,26,36.25,32,-,$-,3,36,-,Ok,-,26,33.25,32,-,$-,5,33,-,Ok,-,26,28.75,32,-,$-,6,29,-,Fincar,3,26,22.3,32,-,$-,6,22,-,Fincar,10,26,15.85,32,-,$-,6,16,-,Fincar,16,26,9.4,32,-,QUÍMICOS,ACTIVO
EXTMANZANI,EXTMANZANI,EXT MANZANILLA,TECNOLOGIA Y ASESORIAS ALIMENTARIAS SA DE CV,JOVANY,,,,20,Kg,$100.00,-,7,-,-,-,-,Ok,-,4,7,5,-,$-,-,7,-,Ok,-,4,7,5,-,$-,-,7,-,Ok,-,4,7,5,-,$-,1,7,-,Ok,-,4,6.03,5,-,$-,1,6,-,Ok,-,4,5.07,5,-,$-,1,5,-,Ok,-,4,4.1,5,-,QUÍMICOS,ACTIVO
EXTMANZANA,EXTMANZANA,EX DE MANZANA,TECNOLOGIA Y ASESORIAS ALIMENTARIAS SA DE CV,JOVANY,,,,20,Kg,$200.00,2.3,8,-,-,-,-,Fincar,0,6,5.35,7,-,$-,-,5,-,Fincar,0,6,5.35,7,-,$-,-,5,-,Fincar,0,6,5.35,7,-,$-,1,5,-,Fincar,2,6,3.9,7,-,$-,1,4,-,Fincar,3,6,2.45,7,-,$-,1,2,-,Fincar,5,6,1,7,-,QUÍMICOS,ACTIVO
COLORVIOLE,COLORVIOLE,COLORVIOLETA LD-240109-III,TECNOLOGIA Y ASESORIAS ALIMENTARIAS SA DE CV,JOVANY,Crédito,15,50,20,Kg,$197.80,5.6,224,17,-,-,-,Ok,-,101,218.08,126,-,$-,25,218,-,Ok,-,101,192.88,126,-,$-,24,193,-,Ok,-,101,168.82,126,-,$-,25,169,-,Ok,-,101,143.63,126,-,$-,25,144,-,Ok,-,101,118.43,126,-,$-,25,118,-,Fincar,8,101,93.24,126,-,QUÍMICOS,ACTIVO
SABORVINAG,SABORVINAG,SABOR VINAGRE,TECNOLOGIA Y ASESORIAS ALIMENTARIAS SA DE CV,JOVANY,,,,20,kg,$200.00,16,299,16,-,-,-,Ok,-,115,283.4,173,-,$-,32,283,-,Ok,-,115,251.4,173,-,$-,16,251,-,Ok,-,115,235.4,173,-,$-,29,235,-,Ok,-,115,206.58,173,-,$-,29,207,-,Ok,-,115,177.77,173,-,$-,29,178,-,Ok,-,115,148.95,173,-,QUÍMICOS,ACTIVO
APERLANTEE,COMP_APER,APERLANTE,BM NEGOCIACIONES QUIMICAS,MAJO,-,30,190,15,Pza,$32.90,-,288,-,-,-,-,Ok,-,229,288.2,275,-,$-,100,288,-,Ok,-,229,378.2,275,190,"$6,251.00",-,188,-,Ok,-,229,378.2,275,-,$-,46,188,-,Ok,-,229,332.3,275,-,$-,46,142,-,Ok,-,229,286.4,275,-,$-,46,96,-,Ok,-,229,240.5,275,-,QUÍMICOS,ACTIVO
COLORAMAR5,COMP_AMARILLO5,COLOR POLVO AMARILLO No5,SENSIENT COLORS,JOVANY,Adelantado,15,5,15,Kg,$258.00,1.7,8,0,-,-,-,Fincar,0,6,6.05,8,-,$-,1,6,-,Fincar,1,6,5.34,8,-,$-,1,5,-,Fincar,2,6,4.58,8,-,$-,2,5,-,Fincar,3,6,3,8,-,$-,2,3,-,Ok,-,6,6.42,8,5,"$1,290.00",2,1,0,Fincar,1,6,4.84,8,-,QUÍMICOS,ACTIVO
COLORAMAR6,COMP_AMARILLO6,COLOR POLVO AMARILLO No6,SENSIENT COLORS,JOVANY,Adelantado,15,5,15,Kg,$258.00,-,4,-,-,-,-,Ok,-,0,4.27,0,-,$-,0,4,-,Ok,-,0,4.21,0,-,$-,0,4,-,Ok,-,0,4.15,0,-,$-,0,4,-,Ok,-,0,4.09,0,-,$-,0,4,-,Ok,-,0,4.02,0,-,$-,0,4,-,Ok,-,0,3.96,0,-,QUÍMICOS,ACTIVO
COLORBLUE1,COMP_AZUL,COLOR POLVO FD&C BLUE,SENSIENT COLORS,JOVANY,Adelantado,15,5,15,Kg,$860.00,0.9,10,1,-,-,-,Ok,-,6,8.95,7,-,$-,2,8.949,-,Ok,-,6,7.15,7,-,$-,1,7,-,Fincar,0,6,5.9,7,-,$-,1,6,-,Fincar,1,6,4.42,7,-,$-,1,4,-,Ok,-,6,7.94,7,5,"$4,300.00",1,3,-,Ok,-,6,6.46,7,-,QUÍMICOS,ACTIVO
COLORRED33,COMP_ROJO33,COLOR POLVO D&C RED No 33,SENSIENT COLORS,JOVANY,Adelantado,15,5,15,Kg,$128.00,0.3,3,0,-,-,-,Ok,-,2,2.35,3,-,$-,1,2,-,Ok,-,2,6.82,3,5,$640.00,1,2,-,Ok,-,2,6.23,3,-,$-,1,1,-,Ok,-,2,5.72,3,-,$-,1,1,-,Ok,-,2,5.21,3,-,$-,1,0,0,Ok,-,2,4.7,3,-,QUÍMICOS,ACTIVO
COLORROJ40,COMP_ROJO40,COLOR ROJO NO40,SENSIENT COLORS,JOVANY,Adelantado,15,5,15,Kg,$395.60,1,3,-,-,-,-,Fincar,1,3,1.55,3,-,$-,1,2,-,Ok,-,3,5.49,3,5,"$1,978.00",0,0,-,Ok,-,3,5.44,3,-,$-,1,0,0,Ok,-,3,4.76,3,-,$-,1,-,1,Ok,-,3,4.09,3,-,$-,1,-,1,Ok,-,3,3.42,3,-,QUÍMICOS,ACTIVO
CLORURODSO,COMP_SAL,SAL GRANO FINO S/YODO,HERMANOS SAÃ‘UDO S.A. DE C.V,JOSE,Adelantado,-,"7,500",10,Kg,$7.18,"3,385.00","24,844","1,725",-,-,-,Ok,-,"21,082","21,459.00","26,353",-,$-,"5,050","21,459",-,Fincar,"4,673","21,082","16,409.00","26,353",-,$-,"3,900","16,409",-,Fincar,"8,573","21,082","12,509.00","26,353",-,$-,"5,271","12,509",-,Fincar,"13,844","21,082","7,238.43","26,353",-,$-,"5,271","7,238",-,Fincar,"19,114","21,082","1,967.86","26,353",-,$-,"5,271","1,968","3,303",Fincar,"21,082","21,082",-,"26,353",-,QUÍMICOS,ACTIVO
APCLAVANDA,APCLAVANDA,APC LAVANDA,EUROFRAGANCE MEXICO SA DE CV,JOSE,Crédito,90,50,10,Kg,$161.13,26,372,39,-,-,-,Ok,-,342,346.4,479,-,$-,72,346,-,Fincar,67,342,274.9,479,-,$-,59,275,-,Fincar,126,342,216.4,479,-,$-,68,216,-,Fincar,194,342,147.98,479,-,$-,68,148,-,Fincar,263,342,79.56,479,-,$-,68,80,-,Fincar,331,342,11.14,479,-,QUÍMICOS,ACTIVO
FRCOCOSENS,FRCOCOSENS,FR COCONUT SENSATION 2056979,EUROFRAGANCE MEXICO SA DE CV,JOSE,Crédito,90,50,10,Kg,$160.20,-,82,-,-,-,-,Ok,-,46,102,64,20,"$3,204.00",20,82,-,Ok,-,46,82,64,-,$-,-,62,-,Ok,-,46,82,64,-,$-,9,62,-,Ok,-,46,72.82,64,-,$-,9,53,-,Ok,-,46,63.64,64,-,$-,9,44,-,Ok,-,46,54.46,64,-,QUÍMICOS,ACTIVO
FRFLASHCLE,FRFLASHCLE,FR FRESH CLEAN,EUROFRAGANCE MEXICO SA DE CV,JOSE,Crédito,90,50,10,Pza,$161.13,-,35,-,-,-,-,Ok,-,76,85.1,98,50,"$8,056.50",-,35,-,Ok,-,76,85.1,98,-,$-,20,35,-,Fincar,11,76,65.1,98,-,$-,11,15,-,Fincar,22,76,54.19,98,-,$-,11,4,7,Fincar,33,76,43.28,98,-,$-,11,-,11,Fincar,44,76,32.38,98,-,QUÍMICOS,ACTIVO
FRFRUROJFR,FRFRUROJFR,FR FRUTOS ROJOS - FRESA 2016213,EUROFRAGANCE MEXICO SA DE CV,JOSE,Crédito,90,50,10,Kg,$141.47,20,84,-,-,-,-,Ok,-,49,83.8,73,20,"$2,829.40",20,64,-,Ok,-,49,63.8,73,-,$-,-,44,-,Ok,-,49,63.8,73,-,$-,12,44,-,Ok,-,49,51.56,73,-,$-,12,32,-,Fincar,10,49,39.32,73,-,$-,12,19,-,Fincar,22,49,27.08,73,-,QUÍMICOS,ACTIVO
FRFIERCEME,FRFIERCEME,FR FIERCE P MEN,EUROFRAGANCE MEXICO SA DE CV,JOSE,Crédito,90,50,10,Kg,$207.30,4.5,20,5,-,-,-,Ok,-,34,45.5,47,30,"$6,219.00",5,16,-,Ok,-,34,41,47,-,$-,5,11,-,Ok,-,34,36.5,47,-,$-,7,7,0,Fincar,4,34,29.75,47,-,$-,7,-,7,Fincar,11,34,23,47,-,$-,7,-,7,Fincar,18,34,16.25,47,-,QUÍMICOS,ACTIVO
FRAGANBEBE,FRAGANBEBE,FRAGANCIA BABY HUGS,EUROFRAGANCE MEXICO SA DE CV,JOSE,Crédito,90,50,10,Kg,$140.92,42,220,-,-,-,-,Fincar,18,196,178,274,-,$-,42,178,-,Fincar,60,196,136,274,-,$-,42,136,-,Fincar,102,196,94,274,-,$-,39,94,-,Fincar,141,196,54.8,274,-,$-,39,55,-,Fincar,180,196,15.6,274,-,$-,39,16,24,Fincar,196,196,-,274,-,QUÍMICOS,ACTIVO
FRPRIMAVER,FRPRIMAVER,FRAGANCIA BLUE TOUCH,EUROFRAGANCE MEXICO SA DE CV,JOSE,Crédito,90,50,10,Kg,$140.93,119.7,616,-,-,-,-,Ok,-,466,496,652,-,$-,120,496,-,Fincar,89,466,376.3,652,-,$-,80,376,-,Fincar,169,466,296.5,652,-,$-,93,297,-,Fincar,262,466,203.4,652,-,$-,93,203,-,Fincar,355,466,110.3,652,-,$-,93,110,-,Fincar,448,466,17.2,652,-,QUÍMICOS,ACTIVO
FRFLORALCL,FRFLORALCL,FRAGANCIA FLORAL CLOTHES,EUROFRAGANCE MEXICO SA DE CV,JOSE,Crédito,90,50,10,Kg,$153.16,78,696,59,-,-,-,Fincar,95,713,618.1,998,-,$-,156,618,-,Fincar,251,713,462.1,998,-,$-,137,462,-,Fincar,387,713,325.6,998,-,$-,143,326,-,Fincar,530,713,183.05,998,-,$-,143,183,-,Fincar,672,713,40.5,998,-,$-,143,40,102,Fincar,713,713,-,998,-,QUÍMICOS,ACTIVO
FRALAVATLI,FRALAVATLI,FRAGANCIA LAVAT JUICY LEMON,EUROFRAGANCE MEXICO SA DE CV,JOSE,Crédito,90,50,10,Kg,$156.31,25.5,195,26,-,-,-,Ok,-,266,379.4,372,210,"$32,825.10",51,169,-,Ok,-,266,328.4,372,-,$-,51,118,-,Ok,-,266,277.4,372,-,$-,53,67,-,Fincar,42,266,224.21,372,-,$-,53,14,39,Fincar,95,266,171.02,372,-,$-,53,-,53,Fincar,148,266,117.83,372,-,QUÍMICOS,ACTIVO
FRMARINOEF,COMP_FRMARINOEF,FRAGANCIA MARINO,EUROFRAGANCE MEXICO SA DE CV,JOSE,Crédito,90,50,10,Kg,$161.13,15,355,-,-,-,-,Ok,-,188,390,263,50,"$8,056.50",90,340,-,Ok,-,188,299.77,263,-,$-,15,250,-,Ok,-,188,284.77,263,-,$-,38,235,-,Ok,-,188,247.18,263,-,$-,38,197,-,Ok,-,188,209.59,263,-,$-,38,160,-,Fincar,16,188,171.99,263,-,QUÍMICOS,ACTIVO
FRMZCANEUR,FRMZCANEUR,FRAGANCIA MZA CANELA EURO,EUROFRAGANCE MEXICO SA DE CV,JOSE,Crédito,90,50,10,Kg,$161.13,36,401,-,-,-,-,Ok,-,244,365.2,341,-,$-,54,365,-,Ok,-,244,311.2,341,-,$-,72,311,-,Fincar,4,244,239.2,341,-,$-,49,239,-,Fincar,53,244,190.48,341,-,$-,49,190,-,Fincar,102,244,141.76,341,-,$-,49,142,-,Fincar,151,244,93.03,341,-,QUÍMICOS,ACTIVO
FRAGANPINO,FRAGANPINO,FRAGANCIA PINE FOREST,EUROFRAGANCE MEXICO SA DE CV,JOSE,Crédito,90,50,10,Kg,$171.88,68,266,-,-,-,-,Ok,-,239,328.4,334,130,"$22,344.40",68,198,-,Ok,-,239,260.4,334,-,$-,34,130,-,Fincar,12,239,226.4,334,-,$-,48,96,-,Fincar,60,239,178.69,334,-,$-,48,49,-,Fincar,108,239,130.97,334,-,$-,48,1,47,Fincar,155,239,83.26,334,-,QUÍMICOS,ACTIVO
FRAGOTOÑAL,FRAGOTOÑAL,FRAGANCIA SUN SOFT COD,EUROFRAGANCE MEXICO SA DE CV,JOSE,Crédito,90,50,10,Kg,$140.92,-,326,-,-,-,-,Ok,-,210,475.5,294,150,"$21,138.00",42,326,-,Ok,-,210,433.5,294,-,$-,84,284,-,Ok,-,210,349.5,294,-,$-,42,200,-,Ok,-,210,307.5,294,-,$-,42,158,-,Ok,-,210,265.5,294,-,$-,42,116,-,Ok,-,210,223.5,294,-,QUÍMICOS,ACTIVO
FRDESENGRA,FRDESENGRA,FRANGANCIA TROPICAL CITRUS,EUROFRAGANCE MEXICO SA DE CV,JOSE,Crédito,90,50,10,Kg,$153.16,-,108,-,-,-,-,Ok,-,80,107.7,111,-,$-,15,108,-,Ok,-,80,92.7,111,-,$-,15,93,-,Fincar,2,80,77.7,111,-,$-,16,78,-,Fincar,18,80,61.79,111,-,$-,16,62,-,Fincar,34,80,45.89,111,-,$-,16,46,-,Fincar,50,80,29.98,111,-,QUÍMICOS,ACTIVO
FRAGCLORFA,FRAGCLORFA,FR CLORY FANTASY,EUROFRAGANCE MEXICO SA DE CV,JOSE,,,,10,Kg,$178.32,-,225,-,-,-,-,Ok,-,105,224.5,147,-,$-,-,225,-,Ok,-,105,224.5,147,-,$-,-,225,-,Ok,-,105,224.5,147,-,$-,21,225,-,Ok,-,105,203.55,147,-,$-,21,204,-,Ok,-,105,182.61,147,-,$-,21,183,-,Ok,-,105,161.66,147,-,QUÍMICOS,ACTIVO
FRAGTIPVAN,FRAGTIPVAN,FR VANI PINK,EUROFRAGANCE MEXICO SA DE CV,JOSE,,,,10,Kg,$160.40,-,75,-,-,-,-,Ok,-,28,75,40,-,$-,-,75,-,Ok,-,28,75,40,-,$-,15,75,-,Ok,-,28,60,40,-,$-,6,60,-,Ok,-,28,54.32,40,-,$-,6,54,-,Ok,-,28,48.64,40,-,$-,6,49,-,Ok,-,28,42.96,40,-,QUÍMICOS,ACTIVO
FRGREENAPP,FRGREENAPP,FR GREEN APPLE,EUROFRAGANCE MEXICO SA DE CV,JOSE,Crédito,90,50,10,Kg,$161.13,10.8,36,5,-,-,-,Ok,-,50,65.6,69,40,"$6,445.20",5,26,-,Ok,-,50,60.2,69,-,$-,11,20,-,Fincar,0,50,49.4,69,-,$-,10,9,1,Fincar,10,50,39.5,69,-,$-,10,-,10,Fincar,20,50,29.6,69,-,$-,10,-,10,Fincar,30,50,19.7,69,-,QUÍMICOS,ACTIVO
FRHONEYGAR,FRHONEYGAR,FR HONEY GUARD,EUROFRAGANCE MEXICO SA DE CV,JOSE,,,,10,Kg,$262.78,-,385,-,-,-,-,Ok,-,217,384.6,304,-,$-,-,385,-,Ok,-,217,384.6,304,-,$-,-,385,-,Ok,-,217,384.6,304,-,$-,43,385,-,Ok,-,217,341.15,304,-,$-,43,341,-,Ok,-,217,297.69,304,-,$-,43,298,-,Ok,-,217,254.24,304,-,QUÍMICOS,ACTIVO
FRMANZANAA,FRMANZANAA,FR MANZANA/APPLE 2026711,EUROFRAGANCE MEXICO SA DE CV,JOSE,,,,10,Kg,$215.85,60,400,-,-,-,-,Ok,-,193,340,270,-,$-,-,340,-,Ok,-,193,340,270,-,$-,-,340,-,Ok,-,193,340,270,-,$-,39,340,-,Ok,-,193,301.37,270,-,$-,39,301,-,Ok,-,193,262.75,270,-,$-,39,263,-,Ok,-,193,224.12,270,-,QUÍMICOS,ACTIVO
FRBOTANICA,FRBOTANICA,FR BOTANICA MT2061315,EUROFRAGANCE MEXICO SA DE CV,JOSE,,,,10,Kg,$262.78,82.5,558,-,-,-,-,Ok,-,266,475,372,-,$-,-,475,-,Ok,-,266,475,372,-,$-,-,475,-,Ok,-,266,475,372,-,$-,53,475,-,Ok,-,266,421.89,372,-,$-,53,422,-,Ok,-,266,368.78,372,-,$-,53,369,-,Ok,-,266,315.67,372,-,QUÍMICOS,ACTIVO
ACIDOCITGA,COMP_ACIDO,ACIDO CITRICO,GAPELLI INGREDIENTS S.A. DE C.V.,CLARA,Anticipo,30,25,15,Kg,$17.20,50,"1,281",30,-,-,-,Ok,-,866,"1,230.60","1,300",-,$-,100,"1,231",-,Ok,-,866,"1,130.52","1,300",-,$-,300,"1,131",-,Fincar,36,866,830.52,"1,300",-,$-,217,831,-,Fincar,253,866,613.91,"1,300",-,$-,217,614,-,Fincar,469,866,397.29,"1,300",-,$-,217,397,-,Fincar,686,866,180.67,"1,300",-,QUÍMICOS,ACTIVO
ACIDODBSLI,COMP_ADBS,ACIDO DODECIL BENCEN SULFONICO,HJB QUIMICA INTERNACIONAL SA DE CV,CLARA,Anticipo,30,220,15,Kg,$36.00,760,"1,677",565,-,-,-,Fincar,"4,807","5,724",917,"8,586",-,$-,"1,590",917,673,Ok,-,"5,724","8,126.70","8,586","8,800","$316,800.00","1,385",-,"1,385",Ok,-,"5,724","6,742.20","8,586",-,$-,"1,431",-,"1,431",Fincar,413,"5,724","5,311.24","8,586",-,$-,"1,431",-,"1,431",Fincar,"1,844","5,724","3,880.28","8,586",-,$-,"1,431",-,"1,431",Fincar,"3,275","5,724","2,449.31","8,586",-,QUÍMICOS,ACTIVO
TETRASODIC,TETRASODIC,EDTA TETRASODICO,HJB QUIMICA INTERNACIONAL SA DE CV,CLARA,Anticipo,30,25,15,Kg,$44.70,24.4,262,13,-,-,-,Ok,-,236,237.3,354,-,$-,52,237,-,Fincar,50,236,185.7,354,-,$-,64,186,-,Fincar,114,236,121.3,354,-,$-,59,121,-,Fincar,173,236,62.37,354,-,$-,59,62,-,Fincar,232,236,3.44,354,-,$-,59,3,55,Fincar,236,236,-,354,-,QUÍMICOS,ACTIVO
LESS70IMPO,COMP_LESS,LAURIL ETER SULFATO DE SODIO 70% IMP,HJB QUIMICA INTERNACIONAL SA DE CV,SANDRO,Anticipo,30,"15,000",15,Kg,$31.26,"9,270.00","154,593","5,025",-,-,-,Ok,-,"61,709","145,323.00","92,563",-,$-,"13,274","145,323",-,Ok,-,"61,709","132,049.00","92,563",-,$-,"10,844","132,049",-,Ok,-,"61,709","121,205.00","92,563",-,$-,"15,427","121,205",-,Ok,-,"61,709","105,777.82","92,563",-,$-,"15,427","105,778",-,Ok,-,"61,709","90,350.65","92,563",-,$-,"15,427","90,351",-,Ok,-,"61,709","74,923.47","92,563",-,QUÍMICOS,ACTIVO
LAURILSULS,LAURILSULS,LAURIL SULFATO DE SODIO,INDUSTRIA QUIMICA DEL CENTRO,CLARA,,,,15,Kg,$19.00,"1,500.00","6,000",-,-,-,-,Fincar,"1,294","5,794","4,500.00","8,691",-,$-,-,"4,500",-,Ok,-,"5,794","13,500.00","8,691","9,000","$171,000.00",-,"4,500",-,Ok,-,"5,794","13,500.00","8,691",-,$-,"1,448","4,500",-,Ok,-,"5,794","12,051.53","8,691",-,$-,"1,448","3,052",-,Ok,-,"5,794","10,603.05","8,691",-,$-,"1,448","1,603",-,Ok,-,"5,794","9,154.58","8,691",-,QUÍMICOS,ACTIVO
HIDROXIDSO,HIDROXIDSO,HIDROXIDO DE SODIO 50%,QUIMICA TREZA SA DE CV,JOSE,Anticipo,-,"1,000",15,Kg,$12.13,352,"3,387",218,-,-,-,Ok,-,"3,966","43,035.30","5,949","40,000","$485,200.00",747,"3,035",-,Ok,-,"3,966","42,288.41","5,949",-,$-,845,"2,288",-,Ok,-,"3,966","41,443.81","5,949",-,$-,991,"1,444",-,Ok,-,"3,966","40,452.37","5,949",-,$-,991,452,539,Ok,-,"3,966","39,460.93","5,949",-,$-,991,-,991,Ok,-,"3,966","38,469.49","5,949",-,QUÍMICOS,ACTIVO
TAPAFLIP28,TAPAFLIP28,TAPA FLIP TOP R28,JONATHAN ALFREDO ESPARZA,JOSE,,,,15,Kg,$0.39,"38,834.00","77,979",-,-,-,-,Fincar,"35,855","150,000","114,145.00","225,000","75,000","$29,250.00",-,"39,145",-,Fincar,"35,855","150,000","114,145.00","225,000",-,$-,-,"39,145",-,Fincar,"35,855","150,000","114,145.00","225,000",-,$-,"37,500","39,145",-,Ok,-,"150,000","151,645.00","225,000","75,000","$29,250.00","37,500","1,645","35,855",Fincar,"35,855","150,000","114,145.00","225,000",-,$-,"37,500",-,"37,500",Fincar,"73,355","150,000","76,645.00","225,000",-,TAPA,ACTIVO
ASA48MMBLA,COMP_ASA,ASA 48 MM BLANCA,ECAP SA DE CV,JOSE,Crédito,30,"100,000",15,Pza,$0.36,"37,660.00","289,000",-,-,-,-,Ok,-,"207,000","451,340.00","310,500","200,000","$72,000.00","61,586","251,340",-,Ok,-,"207,000","389,754.00","310,500",-,$-,"52,625","189,754",-,Ok,-,"207,000","537,129.00","310,500","200,000","$72,000.00","51,750","137,129",-,Ok,-,"207,000","485,379.00","310,500",-,$-,"51,750","85,379",-,Ok,-,"207,000","433,629.00","310,500",-,$-,"51,750","33,629","18,121",Ok,-,"207,000","381,879.00","310,500",-,TAPA,ACTIVO
TAPA48MMBL,COMP_TAPA45,TAPA 48 MM INVIOLABLE BLANCA,ECAP SA DE CV,JOSE,Crédito,30,"100,000",15,Pza,$0.48,"37,660.00","261,000",-,-,-,-,Ok,-,"207,000","423,340.00","310,500","200,000","$95,000.00","61,586","223,340",-,Ok,-,"207,000","361,754.00","310,500",-,$-,"52,625","161,754",-,Ok,-,"207,000","489,129.00","310,500","180,000","$85,500.00","51,750","109,129",-,Ok,-,"207,000","437,379.00","310,500",-,$-,"51,750","57,379",-,Ok,-,"207,000","385,629.00","310,500",-,$-,"51,750","5,629","46,121",Ok,-,"207,000","333,879.00","310,500",-,TAPA,ACTIVO
TAPACIER28,TAPACIER28,TAPA CIEGA NATURAL R28,ECAP SA DE CV,JOSE,Crédito,30,"100,000",15,Pza,$0.21,"63,008.00","335,000","29,000",-,-,-,Ok,-,"300,000","521,992.00","450,000","250,000","$53,125.00","82,008","271,992",-,Ok,-,"300,000","439,984.00","450,000",-,$-,"72,032","189,984",-,Ok,-,"300,000","557,952.00","450,000","190,000","$40,375.00","75,000","117,952",-,Ok,-,"300,000","482,952.00","450,000",-,$-,"75,000","42,952","32,048",Ok,-,"300,000","407,952.00","450,000",-,$-,"75,000",-,"75,000",Ok,-,"300,000","332,952.00","450,000",-,TAPA,ACTIVO
TPR28AZLIN,TPR28AZLIN,TAPA R28 400 AZUL LINERLESS,ECAP SA DE CV,JOSE,Crédito,30,"100,000",15,Pza,$0.19,"154,765.00","730,000",-,-,-,-,Ok,-,"500,000","975,235.00","750,000","400,000","$76,000.00","119,050","575,235",-,Ok,-,"500,000","856,185.00","750,000",-,$-,"130,955","456,185",-,Ok,-,"500,000","945,230.00","750,000","220,000","$41,800.00","125,000","325,230",-,Ok,-,"500,000","820,230.00","750,000",-,$-,"125,000","200,230",-,Ok,-,"500,000","695,230.00","750,000",-,$-,"125,000","75,230","49,770",Ok,-,"500,000","570,230.00","750,000",-,TAPA,ACTIVO
TAPAR28QMA,TAPAR28QMA,TAPA R28 P QUITAM,ECAP SA DE CV,JOSE,,,,15,Pza,$0.20,-,"120,000",-,-,-,-,Ok,-,"30,000","120,000.00","45,000",-,$-,-,"120,000",-,Ok,-,"30,000","120,000.00","45,000",-,$-,"19,802","120,000",-,Ok,-,"30,000","100,198.00","45,000",-,$-,"7,500","100,198",-,Ok,-,"30,000","92,698.00","45,000",-,$-,"7,500","92,698",-,Ok,-,"30,000","85,198.00","45,000",-,$-,"7,500","85,198",-,Ok,-,"30,000","77,698.00","45,000",-,TAPA,ACTIVO
TAPAR28NAR,TAPAR28NAR,TAPA R28 400 LINERLESS NARANJA,ECAP SA DE CV,JOSE,,,,15,Pza,$0.19,-,"166,850",-,-,-,-,Ok,-,"79,800","166,850.00","119,700",-,$-,-,"166,850",-,Ok,-,"79,800","166,850.00","119,700",-,$-,-,"166,850",-,Ok,-,"79,800","166,850.00","119,700",-,$-,"19,950","166,850",-,Ok,-,"79,800","146,900.00","119,700",-,$-,"19,950","146,900",-,Ok,-,"79,800","126,950.00","119,700",-,$-,"19,950","126,950",-,Ok,-,"79,800","107,000.00","119,700",-,TAPA,ACTIVO
TAPAR48INV,TAPAR48INV,TAPA R48 INV VERDE,ECAP SA DE CV,JOSE,,,,15,Pza,$-,-,-,-,-,-,-,Ok,-,-,-,-,-,$-,-,-,-,Ok,-,-,"50,000.00",-,"50,000",$-,-,-,-,Ok,-,-,"50,000.00",-,-,$-,-,-,-,Ok,-,-,"50,000.00",-,-,$-,-,-,-,Ok,-,-,"50,000.00",-,-,$-,-,-,-,Ok,-,-,"50,000.00",-,-,TAPA,ACTIVO
ASA48VERDE,ASA48VERDE,ASA 48 MM VERDE,ECAP SA DE CV,JOSE,,,,15,Pza,$-,-,-,-,-,-,-,Ok,-,-,-,-,-,$-,-,-,-,Ok,-,-,"50,000.00",-,"50,000",$-,-,-,-,Ok,-,-,"50,000.00",-,-,$-,-,-,-,Ok,-,-,"50,000.00",-,-,$-,-,-,-,Ok,-,-,"50,000.00",-,-,$-,-,-,-,Ok,-,-,"50,000.00",-,-,TAPA,ACTIVO
NONILIF10M,COMP_NONIL,NONIL FENOL 10 MOL,TRADE CHEMICALS & PRODUCTS,MAJO,Anticipo,30,220,15,Kg,$42.00,218,"4,409",125,-,-,-,Ok,-,"4,099","7,151.00","6,149","2,960","$124,320.00","1,038","4,191",-,Ok,-,"4,099","6,112.70","6,149",-,$-,"1,059","3,153",-,Ok,-,"4,099","5,053.70","6,149",-,$-,"1,025","2,094",-,Fincar,70,"4,099","4,028.87","6,149",-,$-,"1,025","1,069",-,Fincar,"1,095","4,099","3,004.04","6,149",-,$-,"1,025",44,981,Fincar,"2,120","4,099","1,979.21","6,149",-,QUÍMICOS,ACTIVO
ACIDOLACTI,COMP_ACIDLACTI,ÁCIDO LÁCTICO 88,TRADE CHEMICALS & PRODUCTS,MAJO,Adelantado,30,157,15,Kg,$2.51,25,133,-,-,-,-,Ok,-,107,107.5,161,-,$-,50,108,-,Fincar,50,107,57.5,161,-,$-,-,58,-,Fincar,50,107,57.5,161,-,$-,27,58,-,Fincar,76,107,30.73,161,-,$-,27,31,-,Fincar,103,107,3.95,161,-,$-,27,4,23,Fincar,107,107,-,161,-,QUÍMICOS,ACTIVO
TAPAR28CIN,TAPAR28CIN,TAPA R28 C/ CINTILLO SEGUR,PET DE OCCIDENTE S.A DE C.V,JOVANY,,,,15,Pza,$0.25,"14,886.00","15,054","20,650",-,-,-,Ok,-,"128,000","180,168.00","192,000","180,000","$44,820.00","35,536",168,"35,368",Ok,-,"128,000","144,632.00","192,000",-,$-,"17,768",-,"17,768",Fincar,"1,136","128,000","126,864.00","192,000",-,$-,"32,000",-,"32,000",Fincar,"33,136","128,000","94,864.00","192,000",-,$-,"32,000",-,"32,000",Fincar,"65,136","128,000","62,864.00","192,000",-,$-,"32,000",-,"32,000",Fincar,"97,136","128,000","30,864.00","192,000",-,TAPA,ACTIVO
TARROPET1K,TARROPET1K,TARRO PET TRANSP 1Kg,PET DE OCCIDENTE S.A DE C.V,JOVANY,,,,15,Pza,$-,-,-,-,-,-,-,Ok,-,-,"50,000.00",-,"50,000",$-,-,-,-,Ok,-,-,"50,000.00",-,-,$-,-,-,-,Ok,-,-,"50,000.00",-,-,$-,-,-,-,Ok,-,-,"50,000.00",-,-,$-,-,-,-,Ok,-,-,"50,000.00",-,-,$-,-,-,-,Ok,-,-,"50,000.00",-,-,TAPA,ACTIVO
TAPAR110VE,TAPAR110VE,TAPA R110 VERDE,PET DE OCCIDENTE S.A DE C.V,JOVANY,,,,15,Pza,$-,-,-,-,-,-,-,Ok,-,-,"50,000.00",-,"50,000",$-,-,-,-,Ok,-,-,"50,000.00",-,-,$-,-,-,-,Ok,-,-,"50,000.00",-,-,$-,-,-,-,Ok,-,-,"50,000.00",-,-,$-,-,-,-,Ok,-,-,"50,000.00",-,-,$-,-,-,-,Ok,-,-,"50,000.00",-,-,TAPA,ACTIVO
ALCOHOETET,COMP_ETILICO,ALCOHOL ETILICO DEO,POCHTECA MATERIAS PRIMAS SA DE CV,ADAN,Adelantado,-,200,8,Lts,$23.95,-,"1,196",-,-,-,-,Ok,-,583,"1,195.74",933,-,$-,110,"1,196",-,Ok,-,583,"1,085.74",933,-,$-,110,"1,086",-,Ok,-,583,975.74,933,-,$-,117,976,-,Ok,-,583,859.09,933,-,$-,117,859,-,Ok,-,583,742.43,933,-,$-,117,742,-,Ok,-,583,625.78,933,-,QUÍMICOS,ACTIVO
ALCOISOPOC,COMP_ALCOHOL,ALCOHOL ISOPROPILICO,POCHTECA MATERIAS PRIMAS SA DE CV,ADAN,Adelantado,-,200,8,Kg,$24.94,-,957,-,-,-,-,Ok,-,671,957.26,"1,006",-,$-,400,957,-,Fincar,113,671,557.26,"1,006",-,$-,200,557,-,Fincar,313,671,357.26,"1,006",-,$-,168,357,-,Fincar,481,671,189.6,"1,006",-,$-,168,190,-,Fincar,649,671,21.94,"1,006",-,$-,168,22,146,Fincar,671,671,-,"1,006",-,QUÍMICOS,ACTIVO
BUTILCELPO,COMP_BUTILLCELL,BUTILL CELLOSOLVE,POCHTECA MATERIAS PRIMAS SA DE CV,ADAN,Adelantado,30,358,8,Kg,$40.59,-,579,-,-,-,-,Ok,-,503,578.89,754,-,$-,200,579,-,Fincar,124,503,378.89,754,-,$-,100,379,-,Fincar,224,503,278.89,754,-,$-,84,279,-,Fincar,308,503,195.06,754,-,$-,84,195,-,Fincar,392,503,111.23,754,-,$-,84,111,-,Fincar,476,503,27.4,754,-,QUÍMICOS,ACTIVO
PERCLOEPOC,COMP_PERCLORO,PERCLORO ETILENO,POCHTECA MATERIAS PRIMAS SA DE CV,ADAN,Adelantado,30,157,8,Kg,$30.10,-,449,-,-,-,-,Ok,-,255,449,382,-,$-,60,449,-,Ok,-,255,389,382,-,$-,60,389,-,Ok,-,255,329,382,-,$-,64,329,-,Ok,-,255,265.37,382,-,$-,64,265,-,Fincar,53,255,201.74,382,-,$-,64,202,-,Fincar,116,255,138.11,382,-,QUÍMICOS,ACTIVO
SEMTERMACI,SEMTERMACI,ÁCIDO ACETICO LIQ (30%),POCHTECA MATERIAS PRIMAS SA DE CV,SANDRO,,,,15,Kg,$-,"5,550.00",-,"2,520","15,000.00",-,"5,550",Fincar,"19,667","29,117","9,450.00","43,675",-,$-,"11,100","9,450","1,650",Fincar,"29,117","29,117",-,"43,675",-,$-,"8,580",-,"8,580",Fincar,"29,117","29,117",-,"43,675",-,$-,"7,279",-,"7,279",Fincar,"29,117","29,117",-,"43,675",-,$-,"7,279",-,"7,279",Fincar,"29,117","29,117",-,"43,675",-,$-,"7,279",-,"7,279",Fincar,"29,117","29,117",-,"43,675",-,QUÍMICOS,ACTIVO
ANTIFOMSLE,ANTIFOMSLE,AGENTES ANTI-ESPUMA,PROVISTA SA DE CV,CLARA,Adelantado,-,555,15,Kg,$67.08,30,190,-,-,-,-,Ok,-,128,160.3,192,-,$-,38,160,-,Fincar,5,128,122.8,192,-,$-,38,123,-,Ok,-,128,285.3,192,200,"$13,416.00",32,85,-,Ok,-,128,253.3,192,-,$-,32,53,-,Ok,-,128,221.3,192,-,$-,32,21,11,Ok,-,128,189.3,192,-,QUÍMICOS,ACTIVO
GLICERINAA,GLICERINAA,GLICERINA,SYRSA QUIMICOS DE MEXICO,JOSE,Adelantado,30,157,10,Kg,$1.60,338,"1,008",12,-,-,-,Fincar,685,"1,355",670,"2,032",-,$-,52,670,-,Ok,-,"1,355","2,368.00","2,032","1,750","$2,800.00",38,618,-,Ok,-,"1,355","2,330.00","2,032",-,$-,339,580,-,Ok,-,"1,355","1,991.31","2,032",-,$-,339,241,97,Ok,-,"1,355","1,652.62","2,032",-,$-,339,-,339,Fincar,41,"1,355","1,313.93","2,032",-,QUÍMICOS,ACTIVO
FLOSOFT222,FLOSOFT222,FLOSOFT 222,SNF FLOERGER SA DE CV,CLARA,Anticipo,-,"1,000",15,Kg,$129.00,90,908,-,-,-,-,Ok,-,384,817.5,576,-,$-,113,818,-,Ok,-,384,705,576,-,$-,113,705,-,Ok,-,384,592.5,576,-,$-,96,593,-,Ok,-,384,496.5,576,-,$-,96,497,-,Ok,-,384,400.5,576,-,$-,96,401,-,Fincar,80,384,304.5,576,-,QUÍMICOS,ACTIVO
STEPANTEXH,STEPANTEXH,STEPANTEX THD-88E,STEPAN MEXICO SA DE CV,JOSE,Anticipo,30,"1,000",15,Kg,$52.80,"1,200.00","4,678",-,-,-,-,Ok,-,"5,120","7,078.00","6,400","3,600","$190,094.40","1,500","3,478",-,Ok,-,"5,120","9,178.00","6,400","3,600","$190,094.40","1,500","1,978",-,Ok,-,"5,120","7,678.00","6,400",-,$-,"1,280",478,802,Ok,-,"5,120","9,998.00","6,400","3,600","$190,094.40","1,280",-,"1,280",Ok,-,"5,120","8,718.00","6,400",-,$-,"1,280",-,"1,280",Ok,-,"5,120","11,038.00","6,400","3,600",QUÍMICOS,ACTIVO
ACEITEPINO,COMP_ACEITE,ACEITE DE PINO 55,TALOQUIMIA SA DE CV,JOSE,Anticipo,-,555,15,Kg,$95.50,200,"1,920",100,-,-,-,Ok,-,"1,698","1,720.00","2,548",-,$-,400,"1,720",-,Fincar,378,"1,698","1,320.00","2,548",-,$-,500,"1,320",-,Ok,-,"1,698","3,020.00","2,548","2,200","$210,100.00",425,820,-,Ok,-,"1,698","2,595.38","2,548",-,$-,425,395,29,Ok,-,"1,698","2,170.75","2,548",-,$-,425,-,425,Ok,-,"1,698","1,746.13","2,548",-,QUÍMICOS,ACTIVO
MICROCAREC,MICROCAREC,MICROCARE CB,THOR QUIMICOS DE MEXICO S.A. DE C.V.,MAJO,Anticipo,30,"1,000",15,Kg,$4.30,48,276,12,-,-,-,Ok,-,196,227.5,294,-,$-,12,228,-,Ok,-,196,215.5,294,-,$-,18,216,-,Ok,-,196,197.5,294,-,$-,49,198,-,Ok,-,196,198.53,294,50,$215.00,49,149,-,Fincar,46,196,149.56,294,-,$-,49,100,-,Fincar,95,196,100.59,294,-,QUÍMICOS,ACTIVO
ACTICIDEMV,ACTICIDEMV,ACTICIDE MV 10,THOR QUIMICOS DE MEXICO S.A. DE C.V.,MAJO,Anticipo,30,"1,000",15,Kg,$34.40,188,"1,679",104,-,-,-,Ok,-,"1,390","1,490.50","2,085",-,$-,412,"1,491",-,Fincar,311,"1,390","1,078.38","2,085",-,$-,344,"1,078",-,Fincar,655,"1,390",734.38,"2,085",-,$-,347,734,-,Fincar,3,"1,390","1,386.96","2,085","1,000","$34,400.00",347,387,-,Fincar,350,"1,390","1,039.55","2,085",-,$-,347,40,308,Fincar,698,"1,390",692.13,"2,085",-,QUÍMICOS,ACTIVO
PEROXIDOHI,PEROXIDOHI,PEROXIDO DE HIDROGENO 50%,PEROXIQUIMICOS,SANDRO,Contado,,"1,000",15,Kg,$12.56,-,"2,152",-,-,-,-,Ok,-,"1,212","2,152.00","1,818",-,$-,-,"2,152",-,Ok,-,"1,212","2,152.00","1,818",-,$-,800,"2,152",-,Ok,-,"1,212","1,352.00","1,818",-,$-,303,"1,352",-,Fincar,163,"1,212","1,049.00","1,818",-,$-,303,"1,049",-,Fincar,466,"1,212",746,"1,818",-,$-,303,746,-,Fincar,769,"1,212",443,"1,818",-,QUÍMICOS,ACTIVO
TAPAK28FLT,TAPAK28FLT,TAPA K 28/410 FLIP TOP,COMERCIALIZADORA CELIKMA SA DE CV,JOVANY,Adelantado,30,157,15,Kg,$0.50,"19,608.00","96,600",-,"67,300.00","33,650.00",-,Ok,-,"79,600","144,292.00","119,400",-,$-,"19,608","144,292",-,Ok,-,"79,600","124,684.00","119,400",-,$-,"19,608","124,684",-,Ok,-,"79,600","105,076.00","119,400",-,$-,"19,900","105,076",-,Ok,-,"79,600","85,176.00","119,400",-,$-,"19,900","85,176",-,Ok,-,"79,600","135,276.00","119,400","70,000","$35,000.00","19,900","65,276",-,Ok,-,"79,600","115,376.00","119,400",-,TAPA,ACTIVO
VALVUDOSNA,COMP_VALVUDOSIF,VÁLVULA DOSIF 28/410 BLANCA,COMERCIALIZADORA CELIKMA SA DE CV,JOVANY,Crédito,30,"100,000",15,Pza,$1.72,"19,608.00","140,000",-,-,-,-,Ok,-,"84,000","120,392.00","126,000",-,$-,"39,216","120,392",-,Ok,-,"84,000","241,176.00","126,000","160,000","$275,200.00",-,"81,176",-,Ok,-,"84,000","541,176.00","126,000","300,000","$516,000.00","21,000","81,176",-,Ok,-,"84,000","520,176.00","126,000",-,$-,"21,000","60,176",-,Ok,-,"84,000","499,176.00","126,000",-,$-,"21,000","39,176",-,Ok,-,"84,000","478,176.00","126,000",-,TAPA,ACTIVO
ETQFRLAV75,COMP_LAVT750,ET FT/RV LAVT LIMON BC 750ML,GRUPO ETS,JOVANY,Crédito,30,"223,000",15,Pza,$0.31,"13,608.00","63,000","6,000",-,-,-,Fincar,"25,588","79,600","54,012.00","119,400","4,620","$1,432.57","19,608","49,392",-,Fincar,"45,196","79,600","34,404.00","119,400",-,$-,"19,608","29,784",-,Ok,-,"79,600","174,796.00","119,400","160,000","$49,612.80","19,900","10,176","9,724",Ok,-,"79,600","154,896.00","119,400",-,$-,"19,900",-,"19,900",Ok,-,"79,600","134,996.00","119,400",-,$-,"19,900",-,"19,900",Ok,-,"79,600","115,096.00","119,400",-,ETIQUETA,ACTIVO
ETQFRLVT15,COMP_LAVT15,ETIQ FTE/REV LAVAT BC 1.5L,GRUPO ETS,JOVANY,Crédito,60,"50,000",15,Pza,$0.37,"9,804.00","38,600",-,-,-,-,Fincar,"13,204","42,000","28,796.00","63,000",-,$-,"9,804","28,796",-,Fincar,"23,008","42,000","18,992.00","63,000",-,$-,"9,804","18,992",-,Ok,-,"42,000","109,188.00","63,000","100,000","$37,000.00","10,500","9,188","1,312",Ok,-,"42,000","98,688.00","63,000",-,$-,"10,500",-,"10,500",Ok,-,"42,000","88,188.00","63,000",-,$-,"10,500",-,"10,500",Ok,-,"42,000","77,688.00","63,000",-,ETIQUETA,ACTIVO
ETIQFTQUITA,ETIQFTQUITA,ETIQ FTE QUITAM 500 ML,ETIVAL SA DE CV,JOVANY,,,,30,Pza,$0.30,-,"140,000",-,-,-,-,Ok,-,"30,000","140,000.00","45,000",-,$-,-,"140,000",-,Ok,-,"30,000","140,000.00","45,000",-,$-,"19,802","140,000",-,Ok,-,"30,000","120,198.00","45,000",-,$-,"7,500","120,198",-,Ok,-,"30,000","112,698.00","45,000",-,$-,"7,500","112,698",-,Ok,-,"30,000","105,198.00","45,000",-,$-,"7,500","105,198",-,Ok,-,"30,000","97,698.00","45,000",-,ETIQUETA,ACTIVO
ETIQRVQUITA,ETIQRVQUITA,ETIQ RV QUITAM 500 ML,ETIVAL SA DE CV,JOVANY,,,,30,Pza,$0.30,-,"137,500",-,-,-,-,Ok,-,"30,000","137,500.00","45,000",-,$-,-,"137,500",-,Ok,-,"30,000","137,500.00","45,000",-,$-,"19,802","137,500",-,Ok,-,"30,000","117,698.00","45,000",-,$-,"7,500","117,698",-,Ok,-,"30,000","110,198.00","45,000",-,$-,"7,500","110,198",-,Ok,-,"30,000","102,698.00","45,000",-,$-,"7,500","102,698",-,Ok,-,"30,000","95,198.00","45,000",-,ETIQUETA,ACTIVO
ETQVINAGLI,ETQVINAGLI,ETIQ VINAGRE DE LIMPIEZA BC 1L,ETIFLEX SA DE CV,JOVANY,,,,30,Pza,$0.37,"17,808.00","120,000","2,092","252,000.00","94,374.00",-,Ok,-,"72,000","354,192.00","108,000",-,$-,"39,800","354,192",-,Ok,-,"72,000","314,392.00","108,000",-,$-,"39,800","314,392",-,Ok,-,"72,000","274,592.00","108,000",-,$-,"18,000","274,592",-,Ok,-,"72,000","256,592.00","108,000",-,$-,"18,000","256,592",-,Ok,-,"72,000","238,592.00","108,000",-,$-,"18,000","238,592",-,Ok,-,"72,000","220,592.00","108,000",-,ETIQUETA,ACTIVO
ETQVINAGCO,ETQVINAGCO,ETIQ VINAGRE COMEST BC 1.1L,ETIFLEX SA DE CV,JOVANY,Crédito,60,"200,000",30,Pza,$0.45,"8,436.00","7,500","27,100","180,000.00","80,910.00",936,Ok,-,"128,000","359,064.00","192,000","180,000",$-,"35,536","179,064",-,Ok,-,"128,000","323,528.00","192,000",-,,"17,768","143,528",-,Ok,-,"128,000","305,760.00","192,000",-,,"32,000","125,760",-,Ok,-,"128,000","273,760.00","192,000",-,,"32,000","93,760",-,Ok,-,"128,000","241,760.00","192,000",-,,"32,000","61,760",-,Ok,-,"128,000","209,760.00","192,000",-,ETIQUETA,ACTIVO
ETIQGELFAM,ETIQGELFAM,ETIQ GEL CABELLO FAMILIAR,ETIFLEX SA DE CV,JOVANY,Crédito,60,"50,000",30,Pza,$0.24,"19,415.00","150,000","16,585",-,-,-,Ok,-,"88,000","130,585.00","132,000",-,$-,"12,000","130,585",-,Ok,-,"88,000","284,585.00","132,000","166,000","$39,204.22","24,000","118,585",-,Ok,-,"88,000","260,585.00","132,000",-,$-,"22,000","94,585",-,Ok,-,"88,000","238,585.00","132,000",-,$-,"22,000","72,585",-,Ok,-,"88,000","216,585.00","132,000",-,$-,"22,000","50,585",-,Ok,-,"88,000","194,585.00","132,000",-,ETIQUETA,ACTIVO
ETIQGELMEN,ETIQGELMEN,ETIQ GEL CABELLO MEN,ETIFLEX SA DE CV,JOVANY,Crédito,60,"50,000",30,Pza,$0.26,"24,000.00","153,743",-,-,-,-,Ok,-,"72,000","129,743.00","108,000",-,$-,"12,000","129,743",-,Ok,-,"72,000","283,743.00","108,000","166,000","$43,160.00","12,000","117,743",-,Ok,-,"72,000","271,743.00","108,000",-,$-,"18,000","105,743",-,Ok,-,"72,000","253,743.00","108,000",-,$-,"18,000","87,743",-,Ok,-,"72,000","235,743.00","108,000",-,$-,"18,000","69,743",-,Ok,-,"72,000","217,743.00","108,000",-,ETIQUETA,ACTIVO
ETQFTRVMAN,ETQFTRVMAN,ETIQ FTE/RV SH MANZANA 750 mL,ETIFLEX SA DE CV,JOVANY,Crédito,60,"50,000",30,Pza,$0.99,"19,417.00","28,000",-,"56,000.00","55,423.20",-,Ok,-,"50,000","64,583.00","75,000",-,$-,-,"64,583",-,Ok,-,"50,000","64,583.00","75,000",-,$-,-,"64,583",-,Ok,-,"50,000","64,583.00","75,000",-,$-,"12,500","64,583",-,Ok,-,"50,000","52,083.00","75,000",-,$-,"12,500","52,083",-,Fincar,"10,417","50,000","39,583.00","75,000",-,$-,"12,500","39,583",-,Fincar,"22,917","50,000","27,083.00","75,000",-,ETIQUETA,ACTIVO
ETQFTRVSHH,ETQFTRVSHH,ETIQ FTE/RV SH HERBAL 750 Ml,ETIFLEX SA DE CV,JOVANY,Crédito,60,"50,000",30,Pza,$0.99,"19,417.00","24,000",-,"64,000.00","63,340.80",-,Ok,-,"50,000","68,583.00","75,000",-,$-,-,"68,583",-,Ok,-,"50,000","68,583.00","75,000",-,$-,-,"68,583",-,Ok,-,"50,000","68,583.00","75,000",-,$-,"12,500","68,583",-,Ok,-,"50,000","56,083.00","75,000",-,$-,"12,500","56,083",-,Fincar,"6,417","50,000","43,583.00","75,000",-,$-,"12,500","43,583",-,Fincar,"18,917","50,000","31,083.00","75,000",-,ETIQUETA,ACTIVO
ETQFTRVSHM,ETQFTRVSHM,ETIQ FTE/RV SH MIEL Y MANZ 750ML,ETIFLEX SA DE CV,JOVANY,Crédito,60,"50,000",30,Pza,$0.99,-,"10,000",-,"80,000.00","79,176.00",-,Ok,-,"50,000","90,000.00","75,000",-,$-,-,"90,000",-,Ok,-,"50,000","90,000.00","75,000",-,$-,-,"90,000",-,Ok,-,"50,000","90,000.00","75,000",-,$-,"12,500","90,000",-,Ok,-,"50,000","77,500.00","75,000",-,$-,"12,500","77,500",-,Ok,-,"50,000","65,000.00","75,000",-,$-,"12,500","65,000",-,Ok,-,"50,000","52,500.00","75,000",-,ETIQUETA,ACTIVO
ETQMULPI1L,ETQMULPI1L,C ETIQUETA LIMP AC PINO BEST CHOISE 1L,ETIVAL SA DE CV,JOVANY,Crédito,60,"110,000",30,Pza,$0.36,"8,950.00","56,000","1,000",-,-,-,Fincar,"24,950","72,000","47,050.00","108,000",-,$-,"19,900","47,050",-,Ok,-,"72,000","167,150.00","108,000","140,000","$50,400.00","19,900","27,150",-,Ok,-,"72,000","147,250.00","108,000",-,$-,"18,000","7,250","10,750",Ok,-,"72,000","129,250.00","108,000",-,$-,"18,000",-,"18,000",Ok,-,"72,000","111,250.00","108,000",-,$-,"18,000",-,"18,000",Ok,-,"72,000","93,250.00","108,000",-,ETIQUETA,ACTIVO
ETQLAVOP1E,ETQLAVOP1E,ETIQ MULT LAVANDA OPP 1L,ETIFLEX SA DE CV,JOVANY,Crédito,60,"272,000",30,Pza,$0.25,"27,186.00","18,000","12,714","288,000.00","71,193.60","9,186",Ok,-,"96,000","278,814.00","144,000",-,$-,"19,950","278,814",-,Ok,-,"96,000","258,864.00","144,000",-,$-,"19,950","258,864",-,Ok,-,"96,000","238,914.00","144,000",-,$-,"24,000","238,914",-,Ok,-,"96,000","214,914.00","144,000",-,$-,"24,000","214,914",-,Ok,-,"96,000","190,914.00","144,000",-,$-,"24,000","190,914",-,Ok,-,"96,000","166,914.00","144,000",-,ETIQUETA,ACTIVO
MANGAJMACO,MANGAJMACO,MANGA J MAN COCO 500mL,EETISUR SA DE CV,JOVANY,,,,30,Pza,$0.55,-,"15,000",-,-,-,-,Ok,-,"36,000","130,000.00","54,000","115,000","$63,250.00","19,608","15,000","4,608",Ok,-,"36,000","110,392.00","54,000",-,$-,-,-,-,Ok,-,"36,000","110,392.00","54,000",-,$-,"9,000",-,"9,000",Ok,-,"36,000","101,392.00","54,000",-,$-,"9,000",-,"9,000",Ok,-,"36,000","92,392.00","54,000",-,$-,"9,000",-,"9,000",Ok,-,"36,000","83,392.00","54,000",-,ETIQUETA,ACTIVO
MANGAJMAFR,MANGAJMAFR,MANGA J MAN FRESA 500mL,EETISUR SA DE CV,JOVANY,,,,30,Pza,$0.55,"19,608.00","10,000",-,-,-,"9,608",Ok,-,"48,000","175,392.00","72,000","185,000","$101,750.00","19,608",-,"19,608",Ok,-,"48,000","155,784.00","72,000",-,$-,-,-,-,Ok,-,"48,000","155,784.00","72,000",-,$-,"12,000",-,"12,000",Ok,-,"48,000","143,784.00","72,000",-,$-,"12,000",-,"12,000",Ok,-,"48,000","131,784.00","72,000",-,$-,"12,000",-,"12,000",Ok,-,"48,000","119,784.00","72,000",-,ETIQUETA,ACTIVO
ETQVINABC5,ETQVINABC5,ETIQ VINAGRE BCO BC 5L,EETISUR SA DE CV,JOVANY,,,,30,Pza,$0.50,-,-,-,-,-,-,Ok,-,-,-,-,-,$-,-,-,-,Ok,-,-,"100,000.00",-,"100,000","$49,500.00",-,-,-,Ok,-,-,"100,000.00",-,-,$-,-,-,-,Ok,-,-,"100,000.00",-,-,$-,-,-,-,Ok,-,-,"100,000.00",-,-,$-,-,-,-,Ok,-,-,"100,000.00",-,-,ETIQUETA,ACTIVO
TAPAR38400,COMP_TAPA CLOR4,TAPA R38/400 FOIL 1PZA,ECAP SA DE CV,JOSE,Crédito,30,"60,000",30,Pza,$0.64,"104,160.00","1,168,000",-,"450,000.00","286,740.00",-,Ok,-,"380,000","1,513,840.00","570,000",-,$-,"89,280","1,513,840",-,Ok,-,"380,000","1,424,560.00","570,000",-,$-,"98,208","1,424,560",-,Ok,-,"380,000","1,606,352.00","570,000","280,000","$178,416.00","95,000","1,326,352",-,Ok,-,"380,000","1,511,352.00","570,000",-,$-,"95,000","1,231,352",-,Ok,-,"380,000","1,416,352.00","570,000",-,$-,"95,000","1,136,352",-,Ok,-,"380,000","1,321,352.00","570,000",-,ETIQUETA,ACTIVO
TAPAPUSHPU,TAPAPUSHPU,TAPA FLIP TOP R/28,VILLARREAL BUENFIL Y CIA SA DE CV,JOVANY,Crédito,30,"60,000",30,Pza,$0.56,"28,904.00","223,000",800,-,-,-,Ok,-,"171,000","194,096.00","228,000",-,$-,"49,604","194,096",-,Ok,-,"171,000","444,492.00","228,000","300,000","$167,700.00","49,604","144,492",-,Ok,-,"171,000","394,888.00","228,000",-,$-,"28,500","94,888",-,Ok,-,"171,000","366,388.00","228,000",-,$-,"28,500","66,388",-,Ok,-,"171,000","337,888.00","228,000",-,$-,"28,500","37,888",-,Ok,-,"171,000","309,388.00","228,000",-,ETIQUETA,ACTIVO
ETQBLANQ1L,ETQBLANQ1L,ETIQUETA BLANQUEADOR 1L,CONVERTIDORA GMV,SANDRO,Crédito,30,"60,000",30,Kg,$216.16,123,950,-,-,-,-,Ok,-,398,827.16,596,-,$-,95,827,-,Ok,-,398,732.52,596,-,$-,104,733,-,Ok,-,398,628.41,596,-,$-,99,628,-,Ok,-,398,529.03,596,-,$-,99,529,-,Ok,-,398,429.66,596,-,$-,99,430,-,Fincar,67,398,330.28,596,-,ETIQUETA,ACTIVO
ETQBLANQ4L,ETQBLANQ4L,ETIQUETA BLANQUEADOR 4L,CONVERTIDORA GMV,SANDRO,Crédito,30,"60,000",30,Kg,$216.16,142.8,"1,451",33,-,-,-,Ok,-,642,"1,308.40",963,-,$-,151,"1,308",-,Ok,-,642,"1,157.52",963,-,$-,166,"1,158",-,Ok,-,642,991.54,963,-,$-,161,992,-,Ok,-,642,830.99,963,-,$-,161,831,-,Ok,-,642,670.44,963,-,$-,161,670,-,Fincar,132,642,509.89,963,-,ETIQUETA,ACTIVO
ETCLOROMAS,ETCLOROMAS,ETIQ CLORO MASCOTAS 1L,CONVERTIDORA GMV,SANDRO,,,,30,Pza,$224.76,-,526,-,-,-,-,Ok,-,63,526.38,95,-,$-,-,526,-,Ok,-,63,526.38,95,-,$-,-,526,-,Ok,-,63,526.38,95,-,$-,16,526,-,Ok,-,63,510.52,95,-,$-,16,511,-,Ok,-,63,494.66,95,-,$-,16,495,-,Ok,-,63,478.8,95,-,ETIQUETA,ACTIVO
ETQLAVOP5E,ETQLAVOP5E,ETIQ MULT LAVANDA OPP 5L,ETIFLEX SA DE CV,JOVANY,Crédito,60,"88,000",15,Pza,$0.75,"3,790.00","61,496",200,-,-,-,Ok,-,"36,000","57,706.00","54,000",-,$-,"9,975","57,706",-,Ok,-,"36,000","47,731.00","54,000",-,$-,"9,975","47,731",-,Ok,-,"36,000","37,756.00","54,000",-,$-,"9,000","37,756",-,Fincar,"7,244","36,000","28,756.00","54,000",-,$-,"9,000","28,756",-,Fincar,"16,244","36,000","19,756.00","54,000",-,$-,"9,000","19,756",-,Fincar,"25,244","36,000","10,756.00","54,000",-,ETIQUETA,ACTIVO
ETIQDE5ETS,COMP_ROPA5L,ETIQ DET ROPA COLOR BC 5L,GRUPO ETS,JOVANY,Crédito,60,"88,000",15,Pza,$0.51,"11,455.00","100,718","3,250",-,-,-,Ok,-,"70,000","89,263.00","105,000",-,$-,"17,646","89,263",-,Ok,-,"70,000","71,617.00","105,000",-,$-,"14,705","71,617",-,Fincar,"13,088","70,000","56,912.00","105,000",-,$-,"17,500","56,912",-,Fincar,"30,588","70,000","39,412.00","105,000",-,$-,"17,500","39,412",-,Fincar,"48,088","70,000","21,912.00","105,000",-,$-,"17,500","21,912",-,Fincar,"65,588","70,000","4,412.00","105,000",-,ETIQUETA,ACTIVO
ETQMPINO5L,ETQMPINO5L,ETIQ MULT AC PINO BC 5L,ETIFLEX SA DE CV,JOVANY,Crédito,60,"88,000",15,Pza,$0.46,"3,980.00","54,617",-,-,-,-,Ok,-,"19,400","50,637.00","29,100",-,$-,"3,980","50,637",-,Ok,-,"19,400","46,657.00","29,100",-,$-,"5,970","46,657",-,Ok,-,"19,400","40,687.00","29,100",-,$-,"4,850","40,687",-,Ok,-,"19,400","35,837.00","29,100",-,$-,"4,850","35,837",-,Ok,-,"19,400","30,987.00","29,100",-,$-,"4,850","30,987",-,Ok,-,"19,400","26,137.00","29,100",-,ETIQUETA,ACTIVO
ETQFRBIBC2,ETQFRBIBC2,ETIQUETA FR MULTIUSOS BOSQUE INTENSO BEST CHOISE 2 L,ETIFLEX SA DE CV,JOVANY,Crédito,60,"120,000",15,Pza,$0.29,"9,976.00","71,320",-,-,-,-,Ok,-,"28,000","61,344.00","42,000",-,$-,"9,976","61,344",-,Ok,-,"28,000","51,368.00","42,000",-,$-,"4,988","51,368",-,Ok,-,"28,000","46,380.00","42,000",-,$-,"7,000","46,380",-,Ok,-,"28,000","39,380.00","42,000",-,$-,"7,000","39,380",-,Ok,-,"28,000","32,380.00","42,000",-,$-,"7,000","32,380",-,Fincar,"2,620","28,000","25,380.00","42,000",-,ETIQUETA,ACTIVO
ETQRVBIBC2,ETQRVBIBC2,ETIQUETA RV MULTIUSOS BOSQUE INTENSO BEST CHOISE 2 L,ETIFLEX SA DE CV,JOVANY,Crédito,60,"120,000",15,Pza,$0.29,"9,976.00","61,580",-,-,-,-,Ok,-,"28,000","51,604.00","42,000",-,$-,"9,976","51,604",-,Ok,-,"28,000","41,628.00","42,000",-,$-,"4,988","41,628",-,Ok,-,"28,000","36,640.00","42,000",-,$-,"7,000","36,640",-,Ok,-,"28,000","29,640.00","42,000",-,$-,"7,000","29,640",-,Fincar,"5,360","28,000","22,640.00","42,000",-,$-,"7,000","22,640",-,Fincar,"12,360","28,000","15,640.00","42,000",-,ETIQUETA,ACTIVO
ETQFRLVBC2,ETQFRLVBC2,ETIQUETA FR MULTIUSOS LAVANDA BEST CHOISE 2L,ETIFLEX SA DE CV,JOVANY,Crédito,60,"120,000",15,Pza,$0.29,"9,976.00","37,200",-,-,-,-,Fincar,"8,776","36,000","27,224.00","54,000",-,$-,"9,976","27,224",-,Fincar,"18,752","36,000","17,248.00","54,000",-,$-,"4,988","17,248",-,Fincar,"23,740","36,000","12,260.00","54,000",-,$-,"9,000","12,260",-,Fincar,"32,740","36,000","3,260.00","54,000",-,$-,"9,000","3,260","5,740",Fincar,"36,000","36,000",-,"54,000",-,$-,"9,000",-,"9,000",Fincar,"36,000","36,000",-,"54,000",-,ETIQUETA,ACTIVO
ETQRVLVBC2,ETQRVLVBC2,ETIQUETA RV MULTIUSOS LAVANDA BEST CHOISE 2L,ETIFLEX SA DE CV,JOVANY,Crédito,60,"120,000",15,Pza,$0.29,"9,976.00","47,370",-,-,-,-,Ok,-,"36,000","37,394.00","54,000",-,$-,"9,976","37,394",-,Fincar,"8,582","36,000","27,418.00","54,000",-,$-,"4,988","27,418",-,Fincar,"13,570","36,000","22,430.00","54,000",-,$-,"9,000","22,430",-,Fincar,"22,570","36,000","13,430.00","54,000",-,$-,"9,000","13,430",-,Fincar,"31,570","36,000","4,430.00","54,000",-,$-,"9,000","4,430","4,570",Fincar,"36,000","36,000",-,"54,000",-,ETIQUETA,ACTIVO
ETQFRDESBC,ETQFRDESBC,ETQ FR DESENGRASANTE BC 1L,ETIFLEX SA DE CV,JOVANY,Crédito,60,"150,000",15,Pza,$0.29,-,"147,410",-,-,-,-,Ok,-,"42,000","147,410.00","63,000",-,$-,"9,901","147,410",-,Ok,-,"42,000","137,509.00","63,000",-,$-,"9,901","137,509",-,Ok,-,"42,000","127,608.00","63,000",-,$-,"10,500","127,608",-,Ok,-,"42,000","117,108.00","63,000",-,$-,"10,500","117,108",-,Ok,-,"42,000","106,608.00","63,000",-,$-,"10,500","106,608",-,Ok,-,"42,000","96,108.00","63,000",-,ETIQUETA,ACTIVO
ETQRVDESBC,ETQRVDESBC,ETQ RV DESENGRASANTE BC 1L,ETIFLEX SA DE CV,JOVANY,Crédito,60,"150,000",15,Pza,$0.29,-,"147,390",-,-,-,-,Ok,-,"42,000","147,390.00","63,000",-,$-,"9,901","147,390",-,Ok,-,"42,000","137,489.00","63,000",-,$-,"9,901","137,489",-,Ok,-,"42,000","127,588.00","63,000",-,$-,"10,500","127,588",-,Ok,-,"42,000","117,088.00","63,000",-,$-,"10,500","117,088",-,Ok,-,"42,000","106,588.00","63,000",-,$-,"10,500","106,588",-,Ok,-,"42,000","96,088.00","63,000",-,ETIQUETA,ACTIVO
ETQFRLVIBC,ETQFRLVIBC,ETQ FR LIMPIAVIDRIOS BC 1L,ETIFLEX SA DE CV,JOVANY,Crédito,60,"150,000",15,Pza,$0.29,-,"107,250",-,-,-,-,Ok,-,"33,200","107,250.00","49,800",-,$-,"19,802","107,250",-,Ok,-,"33,200","87,448.00","49,800",-,$-,"9,901","87,448",-,Ok,-,"33,200","77,547.00","49,800",-,$-,"8,300","77,547",-,Ok,-,"33,200","69,247.00","49,800",-,$-,"8,300","69,247",-,Ok,-,"33,200","60,947.00","49,800",-,$-,"8,300","60,947",-,Ok,-,"33,200","52,647.00","49,800",-,ETIQUETA,ACTIVO
ETQRVLVIBC,ETQRVLVIBC,ETQ RV LIMPIAVIDRIOS BC 1L,ETIFLEX SA DE CV,JOVANY,Crédito,60,"150,000",15,Pza,$0.29,-,"106,280",-,-,-,-,Ok,-,"33,200","106,280.00","49,800",-,$-,"19,802","106,280",-,Ok,-,"33,200","86,478.00","49,800",-,$-,"9,901","86,478",-,Ok,-,"33,200","76,577.00","49,800",-,$-,"8,300","76,577",-,Ok,-,"33,200","68,277.00","49,800",-,$-,"8,300","68,277",-,Ok,-,"33,200","59,977.00","49,800",-,$-,"8,300","59,977",-,Ok,-,"33,200","51,677.00","49,800",-,ETIQUETA,ACTIVO
ETQMARFR5L,ETQMARFR5L,ETIQ MULT MAR FRESCO 5L,ETIFLEX SA DE CV,JOVANY,,,,15,Pza,$0.75,"1,995.00","43,900",-,-,-,-,Ok,-,"20,000","41,905.00","30,000",-,$-,"12,000","41,905",-,Ok,-,"20,000","29,905.00","30,000",-,$-,"1,995","29,905",-,Ok,-,"20,000","27,910.00","30,000",-,$-,"5,000","27,910",-,Ok,-,"20,000","22,910.00","30,000",-,$-,"5,000","22,910",-,Fincar,"2,090","20,000","17,910.00","30,000",-,$-,"5,000","17,910",-,Fincar,"7,090","20,000","12,910.00","30,000",-,ETIQUETA,ACTIVO
ETQMANCA5L,ETQMANCA5L,ETIQ MNAZANA CANELA 5L,ETIFLEX SA DE CV,JOVANY,,,,15,Pza,$0.75,"3,990.00","112,730",-,-,-,-,Ok,-,"21,600","108,740.00","32,400",-,$-,"5,985","108,740",-,Ok,-,"21,600","102,755.00","32,400",-,$-,"7,980","102,755",-,Ok,-,"21,600","94,775.00","32,400",-,$-,"5,400","94,775",-,Ok,-,"21,600","89,375.00","32,400",-,$-,"5,400","89,375",-,Ok,-,"21,600","83,975.00","32,400",-,$-,"5,400","83,975",-,Ok,-,"21,600","78,575.00","32,400",-,ETIQUETA,ACTIVO
ETQFRLBC1E,COMP_FRBAÑOS,ETQ FTE LIMP BAÑOS BC 1L,ETIFLEX SA DE CV,JOVANY,Crédito,60,"150,000",15,Pza,$0.29,-,"30,000",-,-,-,-,Ok,-,"21,600","30,000.00","32,400",-,$-,-,"30,000",-,Ok,-,"21,600","30,000.00","32,400",-,$-,"9,901","30,000",-,Fincar,"1,501","21,600","20,099.00","32,400",-,$-,"5,400","20,099",-,Fincar,"6,901","21,600","14,699.00","32,400",-,$-,"5,400","14,699",-,Fincar,"12,301","21,600","9,299.00","32,400",-,$-,"5,400","9,299",-,Fincar,"17,701","21,600","3,899.00","32,400",-,ETIQUETA,ACTIVO
ETQRVLBC1E,COMP_RVBAÑOS,ETQ RV LIMP BAÑOS BC 1L,ETIFLEX SA DE CV,JOVANY,Crédito,60,"150,000",15,Pza,$0.29,-,"30,000",-,-,-,-,Ok,-,"21,600","30,000.00","32,400",-,$-,-,"30,000",-,Ok,-,"21,600","30,000.00","32,400",-,$-,"9,901","30,000",-,Fincar,"1,501","21,600","20,099.00","32,400",-,$-,"5,400","20,099",-,Fincar,"6,901","21,600","14,699.00","32,400",-,$-,"5,400","14,699",-,Fincar,"12,301","21,600","9,299.00","32,400",-,$-,"5,400","9,299",-,Fincar,"17,701","21,600","3,899.00","32,400",-,ETIQUETA,ACTIVO
ETQSUAVPR5,COMP_ETQSUAV5L,ETQ SUAVIZANTE PRIMAVERAL BC 5 L,ETIFLEX SA DE CV,JOVANY,Crédito,60,"50,000",15,Pza,$1.35,"9,000.00","33,000",-,-,-,-,Fincar,"4,000","28,000","24,000.00","42,000",-,$-,"9,000","24,000",-,Fincar,"13,000","28,000","15,000.00","42,000",-,$-,"6,000","15,000",-,Fincar,"19,000","28,000","9,000.00","42,000",-,$-,"7,000","9,000",-,Fincar,"26,000","28,000","2,000.00","42,000",-,$-,"7,000","2,000","5,000",Fincar,"28,000","28,000",-,"42,000",-,$-,"7,000",-,"7,000",Fincar,"28,000","28,000",-,"42,000",-,ETIQUETA,ACTIVO
ETQSUAVOT5,ETQSUAVOT5,ETIQUETA SUAV OTOÑAL BC 5L,ETIFLEX SA DE CV,JOVANY,Crédito,60,"50,000",15,Pza,$1.35,-,"39,600",-,-,-,-,Ok,-,"12,000","39,600.00","18,000",-,$-,"3,000","39,600",-,Ok,-,"12,000","36,600.00","18,000",-,$-,"6,000","36,600",-,Ok,-,"12,000","30,600.00","18,000",-,$-,"3,000","30,600",-,Ok,-,"12,000","27,600.00","18,000",-,$-,"3,000","27,600",-,Ok,-,"12,000","24,600.00","18,000",-,$-,"3,000","24,600",-,Ok,-,"12,000","21,600.00","18,000",-,ETIQUETA,ACTIVO
MANGADETBC,MANGADETBC,MANGA DET R COLOR BEST CHOICE 2 L,PUBLI GRAFIC INTERNATIONAL SA DE CV,SANDRO,Crédito,30,"100,000",15,Pza,$1.42,"11,606.00","29,279","3,100",-,-,-,Fincar,"22,327","40,000","17,673.00","60,000",-,$-,"14,706","17,673",-,Fincar,"37,033","40,000","2,967.00","60,000",-,$-,"14,706","2,967","11,739",Fincar,"40,000","40,000",-,"60,000",-,$-,"10,000",-,"10,000",Fincar,"40,000","40,000",-,"60,000",-,$-,"10,000",-,"10,000",Fincar,"40,000","40,000",-,"60,000",-,$-,"10,000",-,"10,000",Fincar,"40,000","40,000",-,"60,000",-,ETIQUETA,ACTIVO
MANGASBEBC,MANGASBEBC,MANGA SUAVIZANTE BEBÉ BEST CHOISE 2L,PUBLI GRAFIC INTERNATIONAL SA DE CV,SANDRO,Crédito,30,"100,000",15,Pza,$1.42,"7,500.00","13,603",-,-,-,-,Fincar,"21,897","28,000","6,103.00","42,000",-,$-,"7,500","6,103","1,397",Fincar,"28,000","28,000",-,"42,000",-,$-,"7,500",-,"7,500",Fincar,"28,000","28,000",-,"42,000",-,$-,"7,000",-,"7,000",Fincar,"28,000","28,000",-,"42,000",-,$-,"7,000",-,"7,000",Fincar,"28,000","28,000",-,"42,000",-,$-,"7,000",-,"7,000",Fincar,"28,000","28,000",-,"42,000",-,ETIQUETA,ACTIVO
AGUA,AGUA,AGUA,BRAULIO NAVARRETE FLORES,JOSE,Crédito,30,"20,000",1,Lts,$0.05,"881,289.20","540,000",-,-,-,"341,289",Fincar,"700,000","700,000",-,"900,000",-,$-,"935,780",-,"935,780",Fincar,"700,000","700,000",-,"900,000",-,$-,"886,580",-,"886,580",Fincar,"700,000","700,000",-,"900,000",-,$-,"905,341",-,"905,341",Fincar,"700,000","700,000",-,"900,000",-,$-,"905,341",-,"905,341",Fincar,"700,000","700,000",-,"900,000",-,$-,"905,341",-,"905,341",Fincar,"700,000","700,000",-,"900,000",-,INDIRECTO,ACTIVO
TARIMAGENR,COMP_TARIMA,TARIMA DE MADERA ELIZABETH 1.00MTS X 1.20,ELIZABETH ANAHY MONTES DE OCA GARCIA,JOSE,Crédito,30,50,3,Pza,$120.00,"1,360.00","1,331",-,800,"96,000.00",29,Fincar,"878,429","880,000","1,571.00","1,320,000",800,"$96,000.00","1,395",771,624,Fincar,"879,624","880,000",375.82,"1,320,000",200,"$24,000.00","1,345",-,"1,345",Fincar,"880,000","880,000",-,"1,320,000",-,$-,"1,381",-,"1,381",Fincar,"880,000","880,000",-,"1,320,000",-,$-,"1,381",-,"1,381",Fincar,"880,000","880,000",-,"1,320,000",-,$-,"1,381",-,"1,381",Fincar,"880,000","880,000",-,"1,320,000",-,INDIRECTO,ACTIVO
CHAROGENKR,CHAROGENKR,CHAROLA GENÉRICA KRAFT 1.13 X 1.02,CARTO EMPAQUES DEL CENTRO SA DE CV,CLARA,Crédito,60,"1,000",8,Pza,$15.68,-,-,-,-,-,-,Fincar,400,400,-,"1,000",-,$-,-,-,-,Fincar,400,400,-,"1,000",-,$-,-,-,-,Fincar,400,400,-,"1,000",-,$-,-,-,-,Fincar,400,400,-,"1,000",-,$-,-,-,-,Fincar,400,400,-,"1,000",-,$-,-,-,-,Fincar,400,400,-,"1,000",-,INDIRECTO,ACTIVO
HIPOCLSO13,COMP_HIPOCLO,HIPOCLORITO DE SODIO,IQUISA SANTA CLARA SA DE CV,SANDRO,Crédito,30,"36,000",8,Kg,$4.20,"138,600.00","53,832",-,"36,220.00","152,015.34","84,769",Ok,-,"40,000","60,951.50","65,000","109,500","$459,571.50","115,500",-,"115,500",Fincar,"40,000","40,000",-,"65,000",-,$-,"127,050",-,"127,050",Fincar,"40,000","40,000",-,"65,000",-,$-,"126,682",-,"126,682",Fincar,"40,000","40,000",-,"65,000",-,$-,"126,682",-,"126,682",Fincar,"40,000","40,000",-,"65,000",-,$-,"126,682",-,"126,682",Fincar,"40,000","40,000",-,"65,000",-,INDIRECTO,ACTIVO
CINTAST910,CINTAST910,CINTA ADHESIVA SILVER TAPE 910M 2IN,SOLUCIONES INTEGRALES DE EMPAQUE TOLEDO S.A DE C.V,CLARA,Crédito,30,20,8,Pza,$102.50,"11,273.40",872,-,-,-,"10,402",Fincar,"56,659","56,659",-,"70,824",-,$-,"13,298",-,"13,298",Fincar,"56,659","56,659",-,"70,824",-,$-,"10,280",-,"10,280",Fincar,"56,659","56,659",-,"70,824",198,"$20,295.00","14,165",-,"14,165",Fincar,"56,659","56,659",-,"70,824",-,$-,"14,165",-,"14,165",Fincar,"56,659","56,659",-,"70,824",-,$-,"14,165",-,"14,165",Fincar,"56,659","56,659",-,"70,824",-,INDIRECTO,ACTIVO
PELICULA60,PELICULA60,PELICULA STRECH,SOLUCIONES INTEGRALES DE EMPAQUE TOLEDO S.A DE C.V,CLARA,Crédito,30,100,8,Pza,$34.00,456,"4,442",-,-,-,-,Ok,-,"1,427","3,986.12","2,378",-,$-,485,"3,986",-,Ok,-,"1,427","3,501.36","2,378",-,$-,461,"3,501",-,Ok,-,"1,427","4,540.36","2,378","1,500","$51,000.00",476,"3,040",-,Ok,-,"1,427","4,064.66","2,378",-,$-,476,"2,565",-,Ok,-,"1,427","3,588.97","2,378",-,$-,476,"2,089",-,Ok,-,"1,427","3,113.27","2,378",-,INDIRECTO,ACTIVO
PLAYOC40TL,PLAYOC40TL,PLAYO CALIBRE 40 TOLEDO,SOLUCIONES INTEGRALES DE EMPAQUE TOLEDO S.A DE C.V,CLARA,-,30,100,8,Pza,$27.62,-,619,-,-,-,-,Fincar,"3,381","4,000",619.2,"6,000",-,$-,-,619,-,Fincar,"3,381","4,000",619.2,"6,000",-,$-,-,619,-,Fincar,"3,121","4,000",879.2,"6,000",260,"$7,181.20",-,619,-,Fincar,"3,121","4,000",879.2,"6,000",-,$-,-,619,-,Fincar,"3,121","4,000",879.2,"6,000",-,$-,-,619,-,Fincar,"3,121","4,000",879.2,"6,000",-,INDIRECTO,ACTIVO
HOTMELTERM,HOTMELTERM,HOTE MELT TERMOPACK 95,"GUEROLA MÉXICO, S.A. DE C.V.",JOSE,,30,"10,000",8,Kg,$102.85,43.5,686,-,-,-,-,Ok,-,211,642.5,317,-,$-,35,643,-,Ok,-,211,607.5,317,-,$-,38,608,-,Ok,-,211,569,317,-,$-,53,569,-,Ok,-,211,516.18,317,-,$-,53,516,-,Ok,-,211,463.37,317,-,$-,53,463,-,Ok,-,211,410.55,317,-,INDIRECTO,ACTIVO
ADHHOTMELT,ADHHOTMELT,ADHESIVO HOT MELT,"GUEROLA MÉXICO, S.A. DE C.V.",JOSE,,,,8,Pza,"$1,658.08",16.1,121,-,-,-,-,Ok,-,52,104.88,78,-,$-,12,105,-,Ok,-,52,92.48,78,-,$-,14,92,-,Ok,-,52,78.84,78,-,$-,13,79,-,Ok,-,52,65.82,78,-,$-,13,66,-,Ok,-,52,52.8,78,-,$-,13,53,-,Fincar,12,52,39.78,78,-,INDIRECTO,ACTIVO
TARROPET250,TARROPET250,TARRO PET TRANSP 250ML,REGIOPET S.A. DE C.V.,JOSE,Crédito,30,"10,000",15,Pza,$1.33,"47,851.00","118,864","12,149",-,-,-,Ok,-,"160,000","184,709.00","240,000","113,696","$150,647.20","24,000","71,013",-,Ok,-,"160,000","274,405.00","240,000","113,696","$150,647.20","36,000","47,013",-,Ok,-,"160,000","238,405.00","240,000",-,$-,"40,000","11,013","28,987",Ok,-,"160,000","198,405.00","240,000",-,$-,"40,000",-,"40,000",Fincar,"1,595","160,000","158,405.00","240,000",-,$-,"40,000",-,"40,000",Fincar,"41,595","160,000","118,405.00","240,000",-,ENVASE,ACTIVO
TAPAR63VER,TAPAR63VER,TAPA R63 VERDE,IMPRESOS MAQUILADORA LOS REYES,JOSE,Anticipo,-,"1,000",15,Kg,$0.63,"22,960.00","103,740","13,040",-,-,-,Fincar,"7,220","88,000","80,780.00","132,000",-,$-,"12,000","80,780",-,Fincar,"19,220","88,000","68,780.00","132,000",-,$-,"24,000","68,780",-,Ok,-,"88,000","172,780.00","132,000","128,000","$80,640.00","22,000","44,780",-,Ok,-,"88,000","150,780.00","132,000",-,$-,"22,000","22,780",-,Ok,-,"88,000","128,780.00","132,000",-,$-,"22,000",780,"21,220",Ok,-,"88,000","106,780.00","132,000",-,TAPA,ACTIVO
TAPAR63NEG,TAPAR63NEG,TAPA R63 NEGRA,IMPRESOS MAQUILADORA LOS REYES,JOSE,Anticipo,-,"1,000",15,Kg,$0.63,"24,000.00","135,660",-,-,-,-,Ok,-,"72,000","111,660.00","108,000",-,$-,"12,000","111,660",-,Ok,-,"72,000","99,660.00","108,000",-,$-,"12,000","99,660",-,Ok,-,"72,000","195,660.00","108,000","108,000","$68,040.00","18,000","87,660",-,Ok,-,"72,000","177,660.00","108,000",-,$-,"18,000","69,660",-,Ok,-,"72,000","159,660.00","108,000",-,$-,"18,000","51,660",-,Ok,-,"72,000","141,660.00","108,000",-,TAPA,ACTIVO
POLIETILR7,COMP_POLIETILENO,POLIETILENO LR732002,VINMAR PLASTICHEM S DE RL DE CV,JOSE,Crédito,60,"1,000",15,Kg,$17.20,"8,540.00","16,700",-,-,-,-,Fincar,"20,640","28,800","8,160.00","28,800",-,$-,"8,540","8,160",380,Fincar,"28,800","28,800",-,"28,800",-,$-,"8,540",-,"8,540",Fincar,"28,800","28,800",-,"28,800",-,$-,"5,978",-,"5,978",Fincar,"28,800","28,800",-,"28,800",-,$-,"5,978",-,"5,978",Fincar,"28,800","28,800",-,"28,800",-,$-,"5,978",-,"5,978",Fincar,"28,800","28,800",-,"28,800",-,QUÍMICOS,ACTIVO
MASTERBAFS,MASTERBAFS,MASTERBATCH BLANCO P/EV CLORO (FUSSION),MAKE LOVE STYLE SA DE CV,JOSE,Crédito,15,200,8,Kg,$154.00,168,829,-,-,-,-,Ok,-,576,660.75,960,-,$-,168,661,-,Fincar,83,576,492.75,960,-,$-,168,493,-,Fincar,251,576,324.75,960,-,$-,118,325,-,Fincar,119,576,457.15,960,250,"$38,500.00",118,207,-,Fincar,236,576,339.55,960,-,$-,118,90,28,Fincar,354,576,221.95,960,-,QUÍMICOS,ACTIVO
,,,,,,,,,,,,,,,,,,,,,,,,,,,,,,,,,,,,,,,,,,,,,,,,,,,,,,,,,,,,,,,,,,,,,,,,,,
ENVANIVER1,ENVANIVER1,PREFORMA 30 GR VERDE,PET DE OCCIDENTE S.A DE C.V,JOVANY,Crédito,30,"90,720",20,Pza,$-,"9,950.00","15,541",,-,-,-,Fincar,"54,409","72,000","17,591.00","108,000","12,000",$-,"19,900","5,591","14,309",Fincar,"56,309","72,000","15,691.00","108,000","18,000",$-,"19,900",-,"19,900",Fincar,"56,209","72,000","15,791.00","108,000","20,000",$-,"18,000",-,"18,000",Fincar,"55,209","72,000","16,791.00","108,000","19,000",$-,"18,000",-,"18,000",Fincar,"54,209","72,000","17,791.00","108,000","19,000",$-,"18,000",-,"18,000",Fincar,"53,209","72,000","18,791.00","108,000","19,000",ENVASE,ACTIVO
EVHDPEALP4L,COMP_ENVASE4L,ENVASE ALPLA HDPE AL 4 L,ALPLA MEXICO SA DE CV,SANDRO,Crédito,30,"100,000",30,Pza,$6.18,"104,160.00","61,374",,"64,512.00","398,684.16","42,786",Fincar,"111,210","190,000","78,790.00","380,000","57,064","$352,655.52","89,280","21,726","67,554",Fincar,"151,490","190,000","38,510.00","380,000","49,000","$302,820.00","98,208",-,"98,208",Fincar,"190,000","190,000",-,"380,000","49,000","$302,820.00","95,000",-,"95,000",Fincar,"190,000","190,000",-,"380,000","49,000","$302,820.00","95,000",-,"95,000",Fincar,"190,000","190,000",-,"380,000","49,000","$302,820.00","95,000",-,"95,000",Fincar,"190,000","190,000",-,"380,000","49,000",ENVASE,ACTIVO
EVHDPEBAL1,EVHDPEBAL1,ENVASE ALPLA HDPE 1 L,ALPLA MEXICO SA DE CV,SANDRO,Crédito,30,"204,000",30,Pza,$1.95,"154,765.00","279,480",,-,-,-,Ok,-,"289,900","543,595.00","579,800","418,880","$816,816.00","119,050","124,715",-,Ok,-,"289,900","424,545.00","579,800",-,$-,"130,955","5,665","125,290",Ok,-,"289,900","293,590.00","579,800",-,$-,"144,950",-,"144,950",Fincar,"141,260","289,900","148,640.00","579,800",-,$-,"144,950",-,"144,950",Fincar,"286,210","289,900","3,690.00","579,800",-,$-,"144,950",-,"144,950",Fincar,"289,900","289,900",-,"579,800",-,ENVASE,ACTIVO
ENVPETROSA,ENVPETROSA,ENV PE ROSA 500 Ml,ECAP SA DE CV,JOSE,,,,15,Pza,$3.40,-,"83,392",,-,-,-,Ok,-,"30,000","83,392.00","45,000",-,$-,-,"83,392",-,Ok,-,"30,000","83,392.00","45,000",-,$-,"19,802","83,392",-,Ok,-,"30,000","63,590.00","45,000",-,$-,"7,500","63,590",-,Ok,-,"30,000","56,090.00","45,000",-,$-,"7,500","56,090",-,Ok,-,"30,000","48,590.00","45,000",-,$-,"7,500","48,590",-,Ok,-,"30,000","41,090.00","45,000",-,ENVASE,ACTIVO
ENVCRISTR1,ENVCRISTR1,PREFORMA 38 GR,ALPLA MEXICO SA DE CV,ADAN,Crédito,30,"58,752",30,Pza,$-,-,"14,014",,-,-,-,Ok,-,-,"14,014.00",-,-,$-,-,"14,014",-,Ok,-,-,"44,014.00",-,"30,000",$-,-,"14,014",-,Ok,-,-,"74,014.00",-,"30,000",$-,-,"14,014",-,Ok,-,-,"89,014.00",-,"15,000",$-,-,"14,014",-,Ok,-,-,"104,014.00",-,"15,000",$-,-,"14,014",-,Ok,-,-,"119,014.00",-,"15,000",ENVASE,ACTIVO
BTPETOV500,BTPETOV500,PREFORMA 38 GR,ALPLA MEXICO SA DE CV,ADAN,Crédito,30,"58,752",30,Pza,$-,"19,608.00","14,080",,-,-,"5,528",Fincar,"69,528","84,000","14,472.00","126,000","20,000",$-,"39,216",-,"39,216",Fincar,"69,744","84,000","14,256.00","126,000","39,000",$-,-,-,-,Fincar,"69,744","84,000","14,256.00","126,000",-,$-,"21,000",-,"21,000",Fincar,"72,744","84,000","11,256.00","126,000","18,000",$-,"21,000",-,"21,000",Fincar,"75,744","84,000","8,256.00","126,000","18,000",$-,"21,000",-,"21,000",Fincar,"78,744","84,000","5,256.00","126,000","18,000",ENVASE,ACTIVO
EVPETNA2L,EVPETNA2L,PREFORMA 54.5 GR,ALPLA MEXICO SA DE CV,JOSE,Crédito,30,"360,192",30,Pza,$-,"42,158.00","4,725",,-,-,"37,433",Fincar,"168,632","168,632",-,"252,948",-,$-,"42,158",-,"42,158",Fincar,"168,632","168,632",-,"252,948",-,$-,"32,182",-,"32,182",Fincar,"168,632","168,632",-,"252,948",-,$-,"33,000",-,"33,000",Fincar,"168,632","168,632",-,"252,948",-,$-,"33,000",-,"33,000",Fincar,"168,632","168,632",-,"252,948",-,$-,"33,000",-,"33,000",Fincar,"168,632","168,632",-,"252,948",-,ENVASE,ACTIVO
ENVPETNA5L,ENVPETNA5L,PREFORMA 80 GR,ALPLA MEXICO SA DE CV,ADAN,Crédito,30,"90,720",30,Pza,$-,"33,680.00","11,000",,-,-,"22,680",Fincar,"127,400","134,720","7,320.00","202,080","30,000",$-,"57,606",-,"57,606",Fincar,"127,006","134,720","7,714.00","202,080","58,000",$-,"46,655",-,"46,655",Fincar,"134,720","134,720",-,"202,080","35,000",$-,"46,900",-,"46,900",Fincar,"134,720","134,720",-,"202,080","45,000",$-,"46,900",-,"46,900",Fincar,"134,720","134,720",-,"202,080","45,000",$-,"46,900",-,"46,900",Fincar,"134,720","134,720",-,"202,080","45,000",ENVASE,ACTIVO
EVPETLAVAT,EVPETLAVAT,PREFORMA 30 GR,PET DE OCCIDENTE S.A DE C.V,JOVANY,Crédito,30,"360,192",30,Pza,$-,"19,608.00",-,,-,-,"19,608",Fincar,"78,432","78,432",-,"117,648","16,000",$-,"19,608",-,"19,608",Fincar,"78,432","78,432",-,"117,648","20,000",$-,"19,608",-,"19,608",Fincar,"78,040","78,432",392,"117,648","20,000",$-,"19,900",-,"19,900",Fincar,"72,940","78,432","5,492.00","117,648","25,000",$-,"19,900",-,"19,900",Fincar,"67,840","78,432","10,592.00","117,648","25,000",$-,"19,900",-,"19,900",Fincar,"62,740","78,432","15,692.00","117,648","25,000",ENVASE,ACTIVO
ENVPET1LTR,ENVPET1LTR,PREFORMA 30 GR,PET DE OCCIDENTE S.A DE C.V,JOVANY,Crédito,30,"90,720",30,Pza,$-,"19,900.00","16,464",,-,-,"3,436",Fincar,"20,036","79,600","59,564.00","119,400","63,000",$-,"39,800",-,"39,800",Fincar,"39,836","79,600","39,764.00","119,400","20,000",$-,"39,800",-,"39,800",Fincar,"59,636","79,600","19,964.00","119,400","20,000",$-,"18,000",-,"18,000",Fincar,"47,636","79,600","31,964.00","119,400","30,000",$-,"18,000",-,"18,000",Fincar,"35,636","79,600","43,964.00","119,400","30,000",$-,"18,000",-,"18,000",Fincar,"23,636","79,600","55,964.00","119,400","30,000",ENVASE,ACTIVO
EVPETLAV15,EVPETLAV15,PREFORMA PET 50GR 28,ENVASES UNIVERSALES SAPI DE CV,SANDRO,Crédito,30,"90,720",30,Pza,$-,"9,804.00","5,400",,-,-,"4,404",Fincar,"33,620","39,216","5,596.00","58,824","10,000",$-,"9,804",-,"9,804",Fincar,"23,424","39,216","15,792.00","58,824","20,000",$-,"9,804",-,"9,804",Fincar,"23,228","39,216","15,988.00","58,824","10,000",$-,"10,500",-,"10,500",Fincar,"13,728","39,216","25,488.00","58,824","20,000",$-,"10,500",-,"10,500",Fincar,"4,228","39,216","34,988.00","58,824","20,000",$-,"10,500",-,"10,500",Ok,-,"39,216","44,488.00","58,824","20,000",ENVASE,ACTIVO
EVPETVER5L,EVPETVER5L,PREFORMA PET 80GR VERDE 48MM,ALPLA MEXICO SA DE CV,ADAN,Crédito,30,"90,720",30,Pza,$-,"3,980.00",-,,-,-,"3,980",Fincar,"15,920","15,920",-,"23,880","3,000",$-,"3,980",-,"3,980",Fincar,"15,920","15,920",-,"23,880","4,000",$-,"5,970",-,"5,970",Fincar,"15,920","15,920",-,"23,880","5,600",$-,"4,850",-,"4,850",Fincar,"14,770","15,920","1,150.00","23,880","6,000",$-,"4,850",-,"4,850",Fincar,"13,620","15,920","2,300.00","23,880","6,000",$-,"4,850",-,"4,850",Fincar,"12,470","15,920","3,450.00","23,880","6,000",ENVASE,ACTIVO
EVPETVINAG,EVPETVINAG,PREFORMA 40GR R28 1816,EMBOTELLADORA AGA,SANDRO,,,,30,Pza,$-,"35,536.00","6,520",,-,-,"29,016",Fincar,"142,144","142,144",-,"213,216",-,$-,"35,536",-,"35,536",Fincar,"142,144","142,144",-,"213,216",-,$-,"17,768",-,"17,768",Fincar,"142,144","142,144",-,"213,216",-,$-,"32,000",-,"32,000",Fincar,"142,144","142,144",-,"213,216",-,$-,"32,000",-,"32,000",Fincar,"142,144","142,144",-,"213,216",-,$-,"32,000",-,"32,000",Fincar,"142,144","142,144",-,"213,216",-,ENVASE,ACTIVO
EVPETSHAMP,EVPETSHAMP,PREFORMA 40GR R28 1816,EMBOTELLADORA AGA,SANDRO,,,,30,Pza,$-,"38,834.00",-,,-,-,"38,834",Fincar,"155,336","155,336",-,"233,004",-,$-,-,-,-,Fincar,"155,336","155,336",-,"233,004",-,$-,-,-,-,Fincar,"155,336","155,336",-,"233,004",-,$-,"37,500",-,"37,500",Fincar,"155,336","155,336",-,"233,004",-,$-,"37,500",-,"37,500",Fincar,"155,336","155,336",-,"233,004",-,$-,"37,500",-,"37,500",Fincar,"155,336","155,336",-,"233,004",-,ENVASE,ACTIVO
PREFO30VPO,PREFO30VPO,ENVASE PET PINO 1 LT,PET DE OCCIDENTE S.A DE C.V,SANDRO,,,,20,Pza,$1.37,"12,000","133,336",,-,-,-,Ok,-,"48,000","121,336.00","72,000",-,$-,"18,000","121,336",-,Ok,-,"48,000","139,336.00","72,000","36,000","$49,320.00","20,000","139,336",-,Ok,-,"48,000","119,336.00","72,000",-,$-,"19,000","119,336",-,Ok,-,"48,000","100,336.00","72,000",-,$-,"19,000","100,336",-,Ok,-,"48,000","81,336.00","72,000",-,$-,"19,000","81,336",-,Ok,-,"48,000","62,336.00","72,000",-,ENVASE,ACTIVO
PREFOR38GR,PREFOR38GR,EV CRISTAL TRIGGER 1L,ALPLA MEXICO SA DE CV,SANDRO,,,,30,Pza,$1.63,-,"224,864",,-,-,-,Ok,-,"80,000","204,864.00","120,000",-,$-,"30,000","204,864",-,Ok,-,"80,000","135,864.00","120,000",-,$-,"30,000","135,864",-,Ok,-,"80,000","105,864.00","120,000",-,$-,"15,000","105,864",-,Fincar,"7,136","80,000","72,864.00","120,000",-,$-,"15,000","72,864",-,Fincar,"40,136","80,000","39,864.00","120,000",-,$-,"15,000","39,864",-,Fincar,"73,136","80,000","6,864.00","120,000",-,ENVASE,ACTIVO
PREFOR38,,BOTELLA PET OVAL 500ML,ALPLA MEXICO SA DE CV,SANDRO,,,,30,Pza,$-,"20,000",-,,-,-,-,Ok,-,-,-,-,-,$-,"39,000",-,-,Ok,-,-,-,-,-,$-,-,-,-,Ok,-,-,-,-,-,$-,"18,000",-,"18,000",Ok,-,-,-,-,-,$-,"18,000",-,"18,000",Ok,-,-,-,-,-,$-,"18,000",-,"18,000",Ok,-,-,-,-,-,ENVASE,ACTIVO
PREFOR80GR,COMP_PREFOR80,ENVASE PET NATURAL 5 LTS,ALPLA MEXICO SA DE CV,SANDRO,,,,15,Pza,$3.56,"30,000","220,752",,-,-,-,Ok,-,"120,000","190,752.00","180,000",-,$-,"58,000","190,752",-,Ok,-,"120,000","132,752.00","180,000",-,$-,"35,000","132,752",-,Ok,-,"120,000","188,472.00","180,000","90,720","$322,963.20","45,000","188,472",-,Ok,-,"120,000","143,472.00","180,000",-,$-,"45,000","143,472",-,Fincar,"21,528","120,000","98,472.00","180,000",-,$-,"45,000","98,472",-,Fincar,"66,528","120,000","53,472.00","180,000",-,ENVASE,ACTIVO
EVHDPEBFS4,EVHDPEBFS4,ENVASE HDPE BLANCO 4L,GRUPO ALPHALAB DE MEXICO HOME AND BEAUTY CARE,SANDRO,,,,-,Pza,$3.04,"65,300",-,,-,-,"65,300",Fincar,"261,200","261,200",-,"391,800",-,$-,"65,300",-,"65,300",Fincar,"261,200","261,200",-,"391,800",-,$-,"70,000",-,"70,000",Fincar,"261,200","261,200",-,"391,800",-,$-,"49,000",-,"49,000",Fincar,"261,200","261,200",-,"391,800",-,$-,"49,000",-,"49,000",Fincar,"261,200","261,200",-,"391,800",-,$-,"49,000",-,"49,000",Fincar,"261,200","261,200",-,"391,800",-,ENVASE,ACTIVO
PREFOR30GR,PREFOR30GR,ENVASE  PET LAVATRASTES 750 ML,PET DE OCCIDENTE S.A DE C.V,SANDRO,,,,20,Pza,$1.29,"16,000","53,137",,-,-,"25,863",Fincar,"35,863","316,000","280,137.00","474,000","306,000","$394,740.00","20,000","280,137",-,Ok,-,"316,000","510,137.00","474,000","270,000","$348,300.00","20,000","510,137",-,Ok,-,"316,000","470,137.00","474,000",-,$-,"25,000","470,137",-,Ok,-,"316,000","415,137.00","474,000",-,$-,"25,000","415,137",-,Ok,-,"316,000","360,137.00","474,000",-,$-,"25,000","360,137",-,Fincar,"10,863","316,000","305,137.00","474,000",-,ENVASE,ACTIVO
PREFOR54GR,COMP_PREFOR54,ENVASE PET NATURAL 2 LTS,ALPLA MEXICO SA DE CV,SANDRO,,,,15,Pza,$2.26,"42,000","237,006",,-,-,-,Ok,-,"168,000","195,006.00","252,000",-,$-,"42,000","195,006",-,Fincar,"14,994","168,000","153,006.00","252,000",-,$-,"32,000","153,006",-,Fincar,"46,994","168,000","121,006.00","252,000",-,$-,"50,000","121,006",-,Fincar,"96,994","168,000","71,006.00","252,000",-,$-,"50,000","71,006",-,Fincar,"146,994","168,000","21,006.00","252,000",-,$-,"50,000","21,006","28,994",Fincar,"168,000","168,000",-,"252,000",-,ENVASE,ACTIVO
PREFOR30,,EV PET TRANSP 1L,PET DE OCCIDENTE S.A DE C.V,SANDRO,,,,-,Pza,$-,"63,000",-,,-,-,-,Ok,-,-,-,-,-,$-,"20,000",-,-,Ok,-,-,-,-,-,$-,"20,000",-,"20,000",Ok,-,-,-,-,-,$-,"30,000",-,"30,000",Ok,-,-,-,-,-,$-,"30,000",-,"30,000",Ok,-,-,-,-,-,$-,"30,000",-,"30,000",Ok,-,-,-,-,-,ENVASE,ACTIVO
PREFOPET50,COMP_PREFO50,ENVASE PET LAVAT 1.5L,EMBOTELLADORA AGA,SANDRO,,,,15,Pza,$-,"10,000","99,500",,-,-,-,Ok,-,"40,000","89,500.00","60,000",-,$-,"20,000","89,500",-,Ok,-,"40,000","69,500.00","60,000",-,$-,"10,000","69,500",-,Ok,-,"40,000","59,500.00","60,000",-,$-,"20,000","59,500",-,Fincar,500,"40,000","39,500.00","60,000",-,$-,"20,000","39,500",-,Fincar,"20,500","40,000","19,500.00","60,000",-,$-,"20,000","19,500",500,Fincar,"40,000","40,000",-,"60,000",-,ENVASE,ACTIVO
PREFOR4028,PREFOR4028,ENVASE PET VINAGRE 1.1L,EMBOTELLADORA AGA,SANDRO,,,,30,Pza,$1.62,"36,000","35,636",,"317,016.00","512,006.20",-,Ok,-,"144,000","277,652.00","216,000",-,$-,"35,000","277,652",-,Ok,-,"144,000","242,652.00","216,000",-,$-,-,"242,652",-,Ok,-,"144,000","242,652.00","216,000",-,$-,"12,000","242,652",-,Ok,-,"144,000","230,652.00","216,000",-,$-,"12,000","230,652",-,Ok,-,"144,000","218,652.00","216,000",-,$-,"12,000","218,652",-,Ok,-,"144,000","206,652.00","216,000",-,ENVASE,ACTIVO
PREFOR40,,ENVASE PET SHAMPOO 750ML,EMBOTELLADORA AGA,SANDRO,,,,30,Pza,$-,"39,000",-,,-,-,-,Ok,-,-,-,-,-,$-,-,-,-,Ok,-,-,-,-,-,$-,-,-,-,Ok,-,-,-,-,-,$-,-,-,-,Ok,-,-,-,-,-,$-,-,-,-,Ok,-,-,-,-,-,$-,-,-,-,Ok,-,-,-,-,-,ENVASE,ACTIVO
PREFOPET80,PREFOPET80,ENVASE PET VERDE 5L,ALPLA MEXICO SA DE CV,SANDRO,,,,30,Pza,$3.58,"3,000","27,216",,"58,320.00","208,785.60",-,Ok,-,"12,000","82,536.00","18,000",-,$-,"4,000","82,536",-,Ok,-,"12,000","78,536.00","18,000",-,$-,"5,600","78,536",-,Ok,-,"12,000","139,464.00","18,000","66,528","$238,170.24","6,000","139,464",-,Ok,-,"12,000","133,464.00","18,000",-,$-,"6,000","133,464",-,Ok,-,"12,000","127,464.00","18,000",-,$-,"6,000","127,464",-,Ok,-,"12,000","121,464.00","18,000",-,ENVASE,ACTIVO
,,,,,,,,,,,,,,,,,,,,,,,,,,,,,,,,,,,,,,,,,,,,,,,,,,,,,,,,,,,,,,,,,,,,,,,,,,
TINNUTRCAF,TINNUTRCAF,TINTE NUTRINT T410 CAFE EXPRESS 7501846501582,LABORATORIOS ZELL,JOSE,,30,"10,000",8,Pza,$13.90,"37,836","30,432",,-,-,"7,404",Fincar,"37,836","37,836",-,"56,754",-,$-,"37,836",-,"37,836",Fincar,"37,836","37,836",-,"56,754",-,$-,"37,836",-,"37,836",Fincar,"37,836","37,836",-,"56,754",-,$-,"37,836",-,"37,836",Fincar,"37,836","37,836",-,"56,754",-,$-,-,-,-,Fincar,"37,836","37,836",-,"56,754",-,$-,-,-,-,Fincar,"37,836","37,836",-,"56,754",-,TINTE,INACTIVO
TINNUTRCAS,TINNUTRCAS,TINTE NUTRINT T430 CASTAÃ‘O 7501846501575,LABORATORIOS ZELL,JOSE,,30,"10,000",8,Pza,$13.90,"35,904","37,008",,-,-,-,Fincar,"34,800","35,904","1,104.00","53,856",-,$-,"35,904","1,104","34,800",Fincar,"35,904","35,904",-,"53,856",-,$-,"35,904",-,"35,904",Fincar,"35,904","35,904",-,"53,856",-,$-,"35,904",-,"35,904",Fincar,"35,904","35,904",-,"53,856",-,$-,-,-,-,Fincar,"35,904","35,904",-,"53,856",-,$-,-,-,-,Fincar,"35,904","35,904",-,"53,856",-,TINTE,INACTIVO
TINNUTRCER,TINNUTRCER,TINTE NUTRINT T666 CEREZA EXÃ“TICA 7501846501551,LABORATORIOS ZELL,JOSE,Anticipo,-,"1,000",8,Pza,$13.90,"36,684","27,948",,-,-,"8,736",Fincar,"36,684","36,684",-,"55,026",-,$-,"36,684",-,"36,684",Fincar,"36,684","36,684",-,"55,026",-,$-,"36,684",-,"36,684",Fincar,"36,684","36,684",-,"55,026",-,$-,"36,684",-,"36,684",Fincar,"36,684","36,684",-,"55,026",-,$-,-,-,-,Fincar,"36,684","36,684",-,"55,026",-,$-,-,-,-,Fincar,"36,684","36,684",-,"55,026",-,TINTE,INACTIVO
TINNUTRRUB,TINNUTRRUB,TINTE NUTRINT T730 MIEL RUBIO DORADO 7501846505689,LABORATORIOS ZELL,JOSE,,30,"10,000",8,Pza,$13.90,"38,544","28,680",,-,-,"9,864",Fincar,"38,544","38,544",-,"57,816",-,$-,"38,544",-,"38,544",Fincar,"38,544","38,544",-,"57,816",-,$-,"38,544",-,"38,544",Fincar,"38,544","38,544",-,"57,816",-,$-,"38,544",-,"38,544",Fincar,"38,544","38,544",-,"57,816",-,$-,-,-,-,Fincar,"38,544","38,544",-,"57,816",-,$-,-,-,-,Fincar,"38,544","38,544",-,"57,816",-,TINTE,INACTIVO
TINNUTRNEG,TINNUTRNEG,TINTE NUTRINT 100 NEGRO EBANOÂ  7501846501544,LABORATORIOS ZELL,JOSE,Crédito,60,"1,000",8,Pza,$13.90,"99,252","96,024",,-,-,"3,228",Fincar,"99,252","99,252",-,"148,878",-,$-,"99,252",-,"99,252",Fincar,"99,252","99,252",-,"148,878",-,$-,"99,252",-,"99,252",Fincar,"99,252","99,252",-,"148,878",-,$-,"99,252",-,"99,252",Fincar,"99,252","99,252",-,"148,878",-,$-,-,-,-,Fincar,"99,252","99,252",-,"148,878",-,$-,-,-,-,Fincar,"99,252","99,252",-,"148,878",-,TINTE,INACTIVO
TINNUTRCAO,TINNUTRCAO,TINTE NUTRINT T360 CIRUELA CASTAÃ‘O OSCURO   7501846501568,LABORATORIOS ZELL,JOSE,Crédito,15,200,8,Pza,$13.90,"49,548",-,,-,-,"49,548",Fincar,"49,548","49,548",-,"74,322",-,$-,"49,548",-,"49,548",Fincar,"49,548","49,548",-,"74,322",-,$-,"49,548",-,"49,548",Fincar,"49,548","49,548",-,"74,322",-,$-,"49,548",-,"49,548",Fincar,"49,548","49,548",-,"74,322",-,$-,-,-,-,Fincar,"49,548","49,548",-,"74,322",-,$-,-,-,-,Fincar,"49,548","49,548",-,"74,322",-,TINTE,INACTIVO
TINMENNEGR,TINMENNEGR,PT TINTE FOR MEN NEGRO,LABORATORIOS ZELL,JOSE,Crédito,15,200,8,Pza,$29.00,"30,000","77,436",,-,-,-,Fincar,"2,112","49,548","47,436.00","74,322",-,$-,"30,000","47,436",-,Fincar,"32,112","49,548","17,436.00","74,322",-,$-,"30,000","17,436","12,564",Fincar,"49,548","49,548",-,"74,322",-,$-,"30,000",-,"30,000",Fincar,"49,548","49,548",-,"74,322",-,$-,-,-,-,Fincar,"49,548","49,548",-,"74,322",-,$-,-,-,-,Fincar,"49,548","49,548",-,"74,322",-,TINTE,INACTIVO
TINMENCAOB,TINMENCAOB,PT TINTE FOR MEN CASTANO OBS,LABORATORIOS ZELL,JOSE,Crédito,15,200,8,Pza,$29.00,"15,600","54,720",,-,-,-,Fincar,"10,428","49,548","39,120.00","74,322",-,$-,"15,600","39,120",-,Fincar,"26,028","49,548","23,520.00","74,322",-,$-,"15,600","23,520",-,Fincar,"41,628","49,548","7,920.00","74,322",-,$-,"15,600","7,920","7,680",Fincar,"49,548","49,548",-,"74,322",-,$-,-,-,-,Fincar,"49,548","49,548",-,"74,322",-,$-,-,-,-,Fincar,"49,548","49,548",-,"74,322",-,TINTE,INACTIVO
SACHECRERV,SACHECRERV,SACHET CREMA REVELADORA 75 ml,PLASTINAL SA DE CV,SANDRO,,,,30,Pza,$-,,,,,,,,,-,,-,,,,,,,,,,,,,,,,,,,,,,,,,,,,,,,,,,,,,,,,,,,,,,,,,,,,,
SACHEEXTAN,SACHEEXTAN,SACHET EXTRACTO ANTIOX 5 ML,PLASTINAL SA DE CV,SANDRO,,,,30,Pza,$-,,,,,,,,,-,,-,,,,,,,,,,,,,,,,,,,,,,,,,,,,,,,,,,,,,,,,,,,,,,,,,,,,,